      {
         "device": "Smart_socket",
         "power": "AC",
         "capability": ["SET","GET","SCHEMA"],
         "dps": [
            {
               "dp": 1,
               "name": "switch_1",
               "capability": "WW",
               "typefield": "BOOLEANONOFF"
            },
            {
               "dp": 9,
               "name": "countdown",
               "capability": "WW",
               "type": "int"
            },
            {
               "dp": 18,
               "name": "cur_current",
               "capability": "GW",
               "type": "int"
            },
            {
               "dp": 19,
               "name": "cur_powe",
               "capability": "GW",
               "typefield": "BYTESMALLFLOAT"
            },
            {
               "dp": 20,
               "name": "cur_voltage",
               "capability": "GW",
               "typefield": "BYTESMALLFLOAT"
            },
            {
               "dp": 21,
               "name": "test flag",
               "capability": "WW",
               "type": "int"
            },
            {
               "dp": 22,
               "name": "voltage coefficent",
               "capability": "WW",
               "type": "int"
            },
            {
               "dp": 23,
               "name": "current coefficent",
               "capability": "WW",
               "type": "int"
            },
            {
               "dp": 24,
               "name": "power coefficient",
               "capability": "WW",
               "type": "int"
            },
            {
               "dp": 25,
               "name": "statistic coefficient",
               "capability": "WW",
               "type": "int"
            }
         ]
      }
