      {
         "name": "device-unique-user-name",
         "id": "device-id",
         "power": "AC",
         "dps": [
            {
               "dp": 103,
               "name": "upside down",
               "capability": "WO",
               "type": "boolean",
               "comment_01": "Values: true|false "
            },
            {
               "dp": 104,
               "name": "timestamp",
               "capability": "WO",
               "type": "boolean",
               "comment_01": "Values: true|false  "
            },
            {
               "dp": 106,
               "name": "sensibilit\u00e0 movimento",
               "capability": "WO",
               "typefield": "ENUMHIGHGOODLOW"
            },
            {
               "dp": 109,
               "name": "SD status",
               "capability": "GW",
               "typefield": "SDSPACES"
            },
            {
               "dp": 110,
               "name": "mode",
               "capability": "PUSH",
               "type": "string",
               "comment_01": "Values: 5: format, 1: replay"
            },
            {
               "dp": 111,
               "name": "start SD format",
               "capability": "WO",
               "type": "int",
               "comment_01": "Values: any "
            },
            {
               "dp": 117,
               "name": "SD format progress",
               "capability": "PUSH",
               "type": "int",
               "comment_01": "Values: 0...100 (%)"
            },
            {
               "dp": 134,
               "name": "rilevazione movimento",
               "capability": "WO",
               "typefield": "BOOLEANONOFF"
            },
            {
               "dp": 151,
               "name": "recording",
               "capability": "WO",
               "typefield": "RECMODE"
            }
         ]
      },
