{
	"device": "_system",
	"capability": [
		"SET",
		"GET",
		"SCHEMA"
	],
	"dps": [
		{
			"dp": "_ACpower",
			"capability": "RO"
		},
		{
			"dp": "_ACunconnected",
			"capability": "RO"
		},
		{
			"dp": "_beep",
			"capability": "WO"
		},
		{
			"dp": "_benchmark"
		},
		{
			"dp": "_benchmark_end",
			"capability": "TRG"
		},
		{
			"dp": "_benchmark_step",
			"capability": "TRG"
		},
		{
			"dp": "_doBenchmark"
		},
		{
			"dp": "_doSCHEMA",
			"type": "string"
		},
		{
			"dp": "_doTrigger",
			"capability": "WO",
			"type": "int"
		},
		{
			"dp": "_doUPDATE",
			"type": "string"
		},
		{
			"dp": "_exec"
		},
		{
			"dp": "_LANnet",
			"capability": "RO",
			"type": "boolean"
		},
		{
			"dp": "_laststart",
			"capability": "RO",
			"type": "string"
		},
		{
			"dp": "_play",
			"capability": "WO",
			"type": "see note"
		},
		{
			"dp": "_proxy"
		},
		{
			"dp": "_sqlDBlocal",
			"type": "string"
		},
		{
			"dp": "_sqlDBremote",
			"type": "string"
		},
		{
			"dp": "_timerList",
			"capability": "RO"
		},
		{
			"dp": "_timerOFF",
			"capability": "WO",
			"type": "string"
		},
		{
			"dp": "_timerON",
			"capability": "WO"
		},
		{
			"dp": "_toDebug",
			"capability": "WO"
		},
		{
			"dp": "_toFastIN",
			"capability": "WO"
		},
		{
			"dp": "_toLogging",
			"capability": "WO"
		},
		{
			"dp": "_toLowIN",
			"capability": "WO"
		},
		{
			"dp": "_toShare",
			"capability": "WO"
		},
		{
			"dp": "_toStdCmd",
			"capability": "WO"
		},
		{
			"dp": "_toWarn",
			"capability": "WO",
			"type": "string"
		},
		{
			"dp": "_tuyastatus",
			"capability": "WO"
		},
		{
			"dp": "_WiFinet",
			"capability": "RO"
		},
		{
			"dp": "_WiFiunconnected",
			"capability": "RO"
		},
		{
			"dp": "_beep_loop",
			"capability": "SKIP",
			"share": [
				{
					"test": [
						"msg.info.value.count > 0"
					],
					"action": [
						{
							"device": "_system",
							"property": "_beep",
							"value": 1
						},
						{
							"device": "_system",
							"property": "_timerON",
							"value": {
								"timeout": "@msg.info.value.timeout",
								"alarmPayload": {
									"device": "_system",
									"property": "_beep_loop",
									"value": {
										"count": "@msg.info.value.count -1",
										"timeout": "@msg.info.value.timeout"
									}
								}
							}
						}
					]
				}
			]
		},
		{
			"dp": "_zeroLog",
			"share": [
				{
					"action": [
						{
							"device": "_system",
							"property": "_benchmark_step",
							"value": "any"
						}
					]
				}
			]
		},
		{
			"dp": "_zeroTask",
			"hide": "K",
			"share": [
				{
					"action": [
						{
							"device": "_system",
							"property": "_benchmark_step",
							"value": "any"
						}
					]
				}
			]
		}
	]
}