      {
         "name": "device-unique-user-name",
         "id": "device-id",
         "power": "AC",
         "capability": ["SET","GET","SCHEMA"],
         "dps": [
            {
               "dp": 1,
               "name": "spray",
               "typefield": "BOOLEANONOFF"
            },
            {
               "dp": 2,
               "name": "output",
               "type": "string",
               "comment_01": "Values: 'large'|'small'"
            },
            {
               "dp": 3,
               "name": "timer",
               "type": "string",
               "comment_01": "Values: '1'|'3'|'6'|'cancel'"
            },
            {
               "dp": 5,
               "name": "led",
               "typefield": "BOOLEANONOFF"
            },
            {
               "dp": 6,
               "name": "led mode",
               "type": "string",
               "comment_01": "Values: 'colour'|'colourful1'"
            },
            {
               "dp": 8,
               "name": "colour",
               "typefield": "STRUCTCOLOUR"
            }
         ]
      }
