      {
         "device": "ACmeter",
         "power": "AC",
         "capability": ["REFRESH","ALL"],
         "dps": [
            {
               "dp": 1,
               "name": "switch",
               "capability": "WW",
               "typefield": "BOOLEANONOFF"
            },
            {
               "dp": 9,
               "name": "countdown",
               "capability": "WW",
               "type": "int"
            },
            {
               "dp": 18,
               "name": "current",
               "capability": "PUSH",
               "type": "int"
            },
            {
               "dp": 19,
               "name": "power",
               "capability": "PUSH",
               "typefield": "BYTESMALLFLOAT"
            },
            {
               "dp": 20,
               "name": "voltage",
               "capability": "PUSH",
               "typefield": "BYTESMALLFLOAT"
            },
            {
               "dp": 101,
               "name": "Energy",
               "capability": "PUSH",
               "typefield": "INTE2FLOAT"
            }
         ]
      }
