{"real":[{"id":"device25-id****","name":"AC meter","power":"AC","capability":["ALL","SET","GET","REFRESH","SCHEMA"],"dps":[{"dp":1,"name":"switch","capability":"WW","typefield":"BOOLEANONOFF"},{"dp":9,"name":"countdown","capability":"WW","type":"int","comment_01":"Values: 0..86500 s (24H max.)"},{"dp":18,"name":"current","capability":"PUSH","type":"int","comment_01":"Values: mA"},{"dp":19,"name":"power","capability":"PUSH","typefield":"BYTESMALLFLOAT","comment_01":"Values: W * 10"},{"dp":20,"name":"voltage","capability":"PUSH","typefield":"BYTESMALLFLOAT","comment_01":"Values: V*10"},{"dp":101,"name":"Energy","capability":"PUSH","typefield":"INTE2FLOAT","comment_01":"Values: KWh *100"}]},{"name":"Wifi Plug","id":"device5-id****","power":"AC","capability":["REFRESH","ALL"],"dps":[{"dp":1,"name":"switch","capability":"WW","typefield":"BOOLEANONOFF"},{"dp":9,"name":"countdown","capability":"WW","type":"int"},{"dp":17,"name":"unknown17","capability":"WW"},{"dp":18,"name":"current","capability":"GW","type":"int"},{"dp":19,"name":"power","capability":"GW","typefield":"BYTESMALLFLOAT"},{"dp":20,"name":"voltage","capability":"GW","typefield":"BYTESMALLFLOAT"},{"dp":21,"name":"unknown21","capability":"GW"},{"dp":22,"name":"unknown22","capability":"GW"},{"dp":23,"name":"unknown23","capability":"GW"},{"dp":24,"name":"unknown24","capability":"GW"},{"dp":25,"name":"unknown25","capability":"GW"},{"dp":26,"name":"unknown26","capability":"GW"},{"dp":38,"name":"reset","capability":"WW","type":"string"},{"dp":41,"name":"circulate","capability":"WW","typefield":"STRUCTREPEAT"},{"dp":42,"name":"random","capability":"WW","typefield":"STRUCTRAND"},{"dp":46,"name":"owercharge","capability":"WW","typefield":"BOOLEANONOFF"}]},{"id":"device20-id****","name":"Zigbee Gateway","capability":["SET","GET"],"power":"AC"},{"name":"tuya_bridge","id":"device19-id****","power":"AC","dps":[{"dp":1,"name":"relay","capability":"WW","typefield":"BOOLEANONOFF"},{"dp":7,"name":"trigger (reserved)","capability":"TRG","type":"int","comment_01":"Values: 0..86500 s  (24H max.)"},{"dp":14,"name":"restart status","capability":"WW","type":"string","comment_01":"Values: off|on|memory","share":[{"comment_02":"To use this dp in benckmarks","action":[{"device":"_system","property":"_benchmark_step"}]}]},{"dp":15,"name":"light mode","capability":"WW","type":"string","comment_01":"Values: pos|none|relay"},{"dp":16,"name":"backlight","capability":"WW","type":"boolean","comment_01":"Values: true|false "},{"dp":17,"name":"circulate","capability":"WW","typefield":"STRUCTREPEAT"},{"dp":18,"name":"random","capability":"WW","typefield":"STRUCTRAND"},{"dp":19,"name":"inching","capability":"WW","typefield":"STRUCTINCH"}]},{"name":"watering timer","id":"device10-id****","comment":"not used alone: now in watering_sys","power":"AC","dps":[{"dp":1,"name":"relay","capability":"WW","typefield":"BOOLEANONOFF","share":[{"action":[{"device":"watering_sys","property":"1ans","value":"@msg.info.value"}]}]},{"dp":9,"name":"countdown","capability":"WW","type":"int","comment_01":"Values: 0..86500 s (24H max.)"},{"dp":38,"name":"restart status","capability":"WW","type":"string","comment_01":"Values: off|on|memory"},{"dp":40,"name":"light mode","capability":"WW","type":"string","comment_01":"Values: pos|none|relay"},{"dp":41,"name":"child lock","capability":"WW","typefield":"BOOLEANONOFF"},{"dp":42,"name":"circulate","capability":"WW","typefield":"STRUCTREPEAT","share":[{"action":[{"device":"watering_sys","property":"42ans","value":"@msg.info.value"}]}]},{"dp":43,"name":"random","capability":"WW","typefield":"STRUCTRAND"},{"dp":44,"name":"inching","capability":"WW","typefield":"STRUCTINCH"},{"dp":"_connected","capability":"SKIP","share":[{"action":[{"device":"watering_sys","property":"111","value":"@msg.info.value"}]}]}]},{"id":"device15-id****","name":"watering main","comment":"not used alone: now in watering_sys","power":"AC","_capability":["GET","SET","MULTIPLE"],"dps":[{"dp":1,"name":"switch","_capability":"WW","type":"boolean","typefield":"BOOLEANONOFF","comment_01":"true|false  = ON|OFF","comment_02":"Toggles when the countdown goes to 0.","share":[{"action":[{"device":"watering_sys","property":"2ans","value":"@msg.info.value"}]}]},{"dp":101,"name":"on reset","_capability":"WW","typefield":"ENUMONOFFHOLD","comment_01":"0|1|2 = OFF|ON|HOLD","comment_02":"The initial switch status, after a reset."},{"dp":102,"name":"countdown","_capability":"RW","type":"int","comment_01":"0..86500 s  (24H max.)","comment_02":"PUSH every (30 * k) s; GET returns last PUSHed value, not the actual count","comment_03":"SET(102):0 => the switch does not change"},{"dp":"_connected","capability":"SKIP","share":[{"action":[{"device":"watering_sys","property":"112","value":"@msg.info.value"}]}]}]},{"id":"device6-id****","name":"Smart IR 3","comment-1":"rare captures from tuya ?","capability":["SET","GET"],"power":"AC","dps":[{"dp":1,"name":"unknow","comment":"mode? found push 'study_key' and 'send_ir'","capability":["PUSH"]}]}],"virtual":[{"name":"esterna","cid":"deviceXX-id****","gateway":"device20-id****","comment":"data shared by watering_sys","capability":["NONE"],"dps":[{"dp":101,"name":"humidity","capability":"PUSH","share":[{"action":[{"device":"watering_sys","property":"202"}]}]},{"dp":103,"name":"temperature","capability":"PUSH","share":[{"action":[{"device":"watering_sys","property":"201"}]}]}]}],"fake":[{"id":"_system","name":"HAL@home","capability":["SET","GET","SCHEMA"],"dps":[{"dp":"_ACpower","capability":"RO","type":"boolean"},{"dp":"_ACunconnected","capability":"RO"},{"dp":"_beep","capability":"WO"},{"dp":"_benchmark"},{"dp":"_benchmark_end"},{"dp":"_benchmark_step","capability":"TRG"},{"dp":"_Dbase","capability":"RO","type":"boolean"},{"dp":"_doBenchmark"},{"dp":"_doSCHEMA","type":"string"},{"dp":"_doTrigger","capability":"WO","type":"int"},{"dp":"_doUPDATE"},{"dp":"_exec"},{"dp":"_LANnet","capability":"RO","type":"boolean"},{"dp":"_laststart","capability":"RO","type":"string"},{"dp":"_name","capability":"RO","type":"string"},{"dp":"_play","capability":"WO","type":"see note"},{"dp":"_proxy"},{"dp":"_sqlDBlocal","type":"string"},{"dp":"_sqlDBandroid","type":"string"},{"dp":"_timerList","capability":"RO"},{"dp":"_timerOFF","capability":"WO","type":"string"},{"dp":"_timerON","capability":"WO"},{"dp":"_toDebug","capability":"WO"},{"dp":"_toFastIN","capability":"WO"},{"dp":"_toLogging","capability":"WO"},{"dp":"_toLowIN","capability":"WO"},{"dp":"_toShare","capability":"WO"},{"dp":"_toStdCmd","capability":"WO"},{"dp":"_toWarn","capability":"WO","type":"string"},{"dp":"_trgPing"},{"dp":"_tuyastatus","capability":"WO"},{"dp":"_WiFinet","capability":"RO"},{"dp":"_WiFiunconnected","capability":"RO"},{"dp":"_beep_loop","comment":"Test: timer uses a 'command'","capability":"SKIP","share":[{"test":["msg.info.value.count > 0"],"action":[{"device":"_system","property":"_beep","value":1},{"device":"_system","property":"_timerON","value":"@ _xy = {timeout:msg.info.value.timeout, alarmPayload:{device:'_system', property:'_beep_loop',value: {count:(msg.info.value.count -1), timeout: msg.info.value.timeout}}}; _xy "}]}]},{"dp":"_beep_loop2","comment":"Test: timer uses a 'share'","capability":"SKIP","share":[{"test":["msg.info.value.count > 0"],"action":[{"device":"_system","property":"_beep","value":1},{"device":"_system","property":"_timerON","value":"@ _xy = {timeout:msg.info.value.timeout, alarmPayload:{share:[{action:[{device:'_system', property:'_beep_loop',value: {count:(msg.info.value.count -1), timeout: msg.info.value.timeout} }] }]}}; _xy "}]}]},{"dp":"_zeroLog","share":[{"action":[{"device":"_system","property":"_benchmark_step"}]}]},{"dp":"_zeroTask","share":[{"action":[{"device":"_system","property":"_benchmark_step"}]}]}]},{"name":"PM detector","id":"_PM1_USB","power":"AC","capability":["SET","GET","REFRESH"],"dps":[{"dp":"_refresh","name":"refresh","capability":"WO"},{"dp":"_refreshCycle","name":"refresh cycle","type":"int"},{"dp":1,"name":"sendtime","type":"int"},{"dp":2,"name":"storetime","type":"int"},{"dp":3,"name":"set clock","type":"string"},{"dp":4,"name":"dump data","capability":"WO"},{"dp":5,"name":"startRT","typefield":"ENUMONOFFHOLD"},{"dp":6,"name":"memory clear","capability":"WO"},{"dp":80,"name":"WritePoints","capability":"RO","type":"int"},{"dp":81,"name":"ReadPoint","capability":"PUSH","type":"int"},{"dp":82,"name":"SendIternalFlag","capability":"PUSH","type":"int"},{"dp":200,"name":"cpm1_0","capability":"PUSH","type":"int"},{"dp":201,"name":"cpm2_5","capability":"PUSH","type":"int"},{"dp":202,"name":"cpm10","capability":"PUSH","type":"int"},{"dp":203,"name":"apm1_0","capability":"PUSH","type":"int"},{"dp":204,"name":"apm2_5","capability":"PUSH","type":"int"},{"dp":205,"name":"apm10","capability":"PUSH","type":"int"},{"dp":206,"name":"aqi","capability":"PUSH","type":"int"},{"dp":207,"name":"Temperature","capability":"PUSH","type":"string"},{"dp":208,"name":"RH","capability":"PUSH","type":"int"},{"dp":300,"name":"Hist. Day CPM1_0","capability":"PUSH","type":"string"},{"dp":301,"name":"Hist. Day CPM2_5","capability":"PUSH","type":"string"},{"dp":302,"name":"Hist. Day CPM10","capability":"PUSH","type":"string"},{"dp":303,"name":"Hist. Day APM1_0","capability":"PUSH","type":"string"},{"dp":304,"name":"Hist. Day APM2_5","capability":"PUSH","type":"string"},{"dp":305,"name":"Hist. Day APM10","capability":"PUSH","type":"string"},{"dp":306,"name":"Hist. Day AQI","capability":"PUSH","type":"string"},{"dp":307,"name":"Hist. Day  Temp","capability":"PUSH","type":"string"},{"dp":308,"name":"Hist. Day RH","capability":"PUSH","type":"string"}]},{"id":"device35-id****","name":"smoke detector","power":"BAT","capability":["SET"],"dps":[{"dp":1800,"name":"alarm","capability":"PUSH","type":"string","comment_01":"Values: 'ON'|'OFF'"},{"dp":1820,"name":"battery","capability":"PUSH","type":"string","comment_01":"Values: 'OK'|'LOW'"},{"dp":1840,"name":"silence","capability":"WO","type":"string","comment_01":"Values:  'ON'|'OFF'"}]},{"name":"terrace irrigation","id":"watering_sys","power":"AC","capability":["ALL"],"dps":[{"dp":1,"name":"timer","type":"string","comment_01":"Values: ON|OFF"},{"dp":"1ans","name":"share relay","capability":"PUSH","type":"string","comment_01":"Values: see dp 1"},{"dp":2,"name":"switch","type":"string","comment_01":"Values: ON|OFF"},{"dp":"2ans","name":"share switch","capability":"PUSH","type":"string","comment_01":"Values: see dp 2"},{"dp":3,"name":"toggle timer","capability":"WO","comment_01":"Values: any"},{"dp":4,"name":"adjust water","type":"number","comment_01":"Values: 0...100 (%)"},{"dp":5,"name":"waterweek","type":"int","comment_01":"Values: 0.... "},{"dp":6,"name":"reset","capability":"WO","comment_01":"Values: any"},{"dp":7,"name":"store","capability":"WO","comment_01":"Values: any"},{"dp":8,"name":"restore","capability":"WO","comment_01":"Values: any"},{"dp":42,"name":"circulate","type":"binary","comment_01":"Values: decoded: \tarray of {active: true|false, day:SMTWTFS|DLMMGVS, start HH:MM, end: HH:MM, on: HH:MM, off: HH:MM}"},{"dp":"42ans","name":"timer circulate","capability":"PUSH","type":"binary","comment_01":"Values: see dp 42"},{"dp":111,"name":"timer connected","capability":"PUSH","type":"boolean","comment_01":"Values: true|false "},{"dp":112,"name":"main connected","capability":"PUSH","type":"boolean","comment_01":"Values: true|false"},{"dp":201,"name":"Temp","capability":"PUSH","type":"int","comment_01":"Values: -20... +50 °C"},{"dp":202,"name":"RH","capability":"PUSH","type":"int","comment_01":"Values: 0..100 %"}]},{"id":"device28-id****","name":"Sensore di movimento","comment":"WiFi battery sensor,  mirror device","power":"BAT","capability":["NONE"],"dps":[{"dp":1010,"name":"Alarm","typefield":"BOOLEANONOFF","capability":"TRG"}]},{"id":"device9-id****","name":"Sensore porta","comment":"WiFi battery sensor, mirror device","power":"BAT","capability":["NONE"],"dps":[{"dp":1030,"name":"status","capability":"TRG","typefield":"BOOLEANOPENCLOSE"}]}],"__comment":"-- do not change code from here! --","__pseudodp":"['_T', '_CONNECTED','_REFRESHCYCLE', '_REFRESH','_STANDBY','_FINDTIMEOUT','MULTIPLE','SCHEMA ']","__getODev":"function(id, limit = null){\n   function _checkobj(list, dx) {\n     var o;\n    o = list.find(device => device.name === dx);\n   if (o === undefined)\n      o = list.find(device => device.id == dx);\n   if (o === undefined)\n      o = list.find(device => device.cid == dx);\n   return (o);\n   }\n    function _okcheck(lim, branch) {\n      return ((lim === null) || (lim == branch))\n    }\n   var odev;\n   if (id === undefined)\n      return (odev);\n   if (_okcheck(limit, 'real'))\n      odev = _checkobj(this.real, id);\n   if ((odev == undefined) && _okcheck(limit, 'virtual'))\n      odev = _checkobj(this.virtual, id);\n   if ((odev == undefined) && _okcheck(limit, 'fake'))\n      odev = _checkobj(this.fake, id);\n   return (odev);\n}","__getDevName":"function(odev) {  if (odev === undefined) return undefined; return (odev.name === undefined ? (odev.cid == undefined ? odev.id : odev.cid) : odev.name);}","__getConnectName":"function(odev) {   if (odev === undefined) return undefined;  if (odev.cid === undefined) return(odev.name === undefined ? odev.id : odev.name);   var o_gat = this.real.find(device => device.id === odev.gateway);   if (o_gat === undefined) return o_gat;   return (o_gat.name === undefined ? o_gat.id : o_gat.name);}","__getODps":"function(odev, property) { if (odev === undefined) return undefined; if (Array.isArray(odev.dps)) {  var p = odev.dps.find(data => ((data.name === property) || (data.dp == property)));   return (p);}    return (undefined);}","__getDpsName":"function(odev, property) {\n if (Array.isArray(odev.dps)) {\n  var p = odev.dps.find(data => ((data.name === property) || (data.dp == property))); \n if(p !== undefined)\n return (p.name == undefined ? p.dp : p.name);}  \n  return (property);}","__normalize":"function (xmsg, Do, Po, pseudo =[]){ if(!Do) { xmsg['error'] = \"ERROR [normalize]: not found the device '\"+xmsg.payload.device+\"' in global.alldevices.\"; return (xmsg); } xmsg.payload.device = (Do.name) ? Do.name: (Do.cid || Do.id); xmsg['to'] =  Do.cid || Do.id; if(! this.fake.includes(Do)) xmsg['toDev'] = Do.cid ? Do.gateway: Do.id; xmsg['infodp'] = 'schema';if (msg.payload.property) { if ((Po === undefined) || (Po.dp === undefined)) { xmsg.infodp  = xmsg.payload.property; if (! pseudo.includes(xmsg.payload.property.toUpperCase())) xmsg['warning'] =\"WARNING [normalize]: In alldevices missed the '\"+xmsg.payload.device+\"':dps[\" + xmsg.payload.property + \"] definition.\"; } else { xmsg.infodp =  Po.dp.toString(); xmsg.payload.property =  Po.name || Po.dp; }} return (xmsg); } ","__encodeValue":"function(value,dpObj={},encFunctions={}){if((value===undefined)||(dpObj===undefined)) return(value);if((value==='')||(value===null)||(value==='NULL')||(value==='null'))return(null);if((!dpObj.typefield)||(dpObj.typefield==='NONE')||(dpObj.typefield==='NULL')){try{switch(dpObj.type){case'boolean':return((value==true)||(value==='true'));case'int':case'enum':return(Number(value));case'string':return(value.toString());default:if(typeof(value)==='boolean')return(value);if(value==='false')return(false);if(value==='true')return(true);return((parseInt(value) == value)?parseInt(value):value);}}catch(error){return({error:'ERROR [encodeValue]: In conversion from value('+value+') to type '+dpObj.type+': '+error});}}else{if(!encFunctions[dpObj.typefield])return({error:'ERROR [encodeValue]: Not found the encode.'+dpObj.typefield+' function().'});let nval;try{nval=(encFunctions[dpObj.typefield](value));}catch(error){return({error:'ERROR [encodeValue]: In encode.'+dpObj.typefield+' function, on value ('+value+'): '+error});}return(nval);}}"}