      {
         "name": "device-unique-user-name",
         "id": "device-id",
         "power": "AC",
         "capability": ["SET","GET","SCHEMA"],
         "dps": [
            {
               "dp": 1,
               "name": "switch",
               "capability": "WW",
               "typefield": "BOOLEANONOFF"
            },
            {
               "dp": 9,
               "name": "countdown",
               "capability": "WW",
               "type": "int",
               "comment_01": "Values: 0..86500 s (24H max.)"
            },
            {
               "dp": 18,
               "name": "current",
               "capability": "PUSH",
               "type": "int",
               "comment_01": "Values: mA"
            },
            {
               "dp": 19,
               "name": "power",
               "capability": "PUSH",
               "type": "int",
               "comment_01": "Values: W * 10"
            },
            {
               "dp": 20,
               "name": "voltage",
               "capability": "PUSH",
               "type": "int",
               "comment_01": "Values: V*10"
            },
            {
               "dp": 101,
               "name": "Energy",
               "capability": "PUSH",
               "type": "int",
               "comment_01": "Values: KWh *100"
            }
         ]
      },
