      {
         "name": "device-unique-user-name",
         "id": "device-id",
         "power": "BAT",
         "capability": ["SET","GET","SCHEMA"],
         "dps": [
            {
               "dp": "_ACpower",
               "capability": "RO",
               "type": "boolean"
            },
            {
               "dp": "_ACunconnected",
               "capability": "RO"
            },
            {
               "dp": "_beep",
               "capability": "WO"
            },
            {
               "dp": "_benchmark"
            },
            {
               "dp": "_benchmark_end"
            },
            {
               "dp": "_benchmark_step",
               "capability": "TRG"
            },
            {
               "dp": "_Dbase",
               "capability": "RO",
               "type": "boolean"
            },
            {
               "dp": "_doBenchmark"
            },
            {
               "dp": "_doSCHEMA",
               "type": "string"
            },
            {
               "dp": "_doTrigger",
               "capability": "WO",
               "type": "int"
            },
            {
               "dp": "_doUPDATE"
            },
            {
               "dp": "_exec"
            },
            {
               "dp": "_LANnet",
               "capability": "RO",
               "type": "boolean"
            },
            {
               "dp": "_laststart",
               "capability": "RO",
               "type": "string"
            },
            {
               "dp": "_name",
               "capability": "RO",
               "type": "string"
            },
            {
               "dp": "_play",
               "capability": "WO",
               "type": "see note"
            },
            {
               "dp": "_proxy"
            },
            {
               "dp": "_sqlBDlocal",
               "type": "string"
            },
            {
               "dp": "_sqlDBandroid",
               "type": "string"
            },
            {
               "dp": "_timerList",
               "capability": "RO"
            },
            {
               "dp": "_timerOFF",
               "capability": "WO",
               "type": "string"
            },
            {
               "dp": "_timerON",
               "capability": "WO"
            },
            {
               "dp": "_toDebug",
               "capability": "WO"
            },
            {
               "dp": "_toFastIN",
               "capability": "WO"
            },
            {
               "dp": "_toLogging",
               "capability": "WO"
            },
            {
               "dp": "_toLowIN",
               "capability": "WO"
            },
            {
               "dp": "_toShare",
               "capability": "WO"
            },
            {
               "dp": "_toStdCmd",
               "capability": "WO"
            },
            {
               "dp": "_toWarn",
               "capability": "WO",
               "type": "string"
            },
            {
               "dp": "_trgPing"
            },
            {
               "dp": "_tuyastatus",
               "capability": "WO"
            },
            {
               "dp": "_WiFinet",
               "capability": "RO"
            },
            {
               "dp": "_WiFiunconnected",
               "capability": "RO"
            },
            {
               "dp": "_zeroLog"
            },
            {
               "dp": "_zeroTask"
            }
         ]
      },
