      {
         "name": "device-unique-user-name",
         "id": "device-id",
         "power": "AC",
         "capability": ["SET","GET","SCHEMA","REFRESH"],
         "dps": [
            {
               "dp": 1,
               "name": "switch",
               "capability": "WW",
               "typefield": "BOOLEANONOFF"
            },
            {
               "dp": 9,
               "name": "countdown",
               "capability": "WW",
               "type": "int"
            },
            {
               "dp": 18,
               "name": "current",
               "capability": "RO",
               "type": "int"
            },
            {
               "dp": 19,
               "name": "power",
               "capability": "RO",
               "type": "int"
            },
            {
               "dp": 20,
               "name": "voltage",
               "capability": "RO",
               "type": "int"
            },
            {
               "dp": 101,
               "name": "Energy",
               "capability": "RO",
               "type": "int"
            }
         ]
      },
