      {
         "name": "device-unique-user-name",
         "id": "device-id",
         "power": "AC",
         "dps": [
            {
               "dp": 1,
               "name": "Switch1",
               "capability": "WW",
               "typefield": "BOOLEANONOFF"
            },
            {
               "dp": 2,
               "name": "Switch2",
               "capability": "WW",
               "typefield": "BOOLEANONOFF"
            },
            {
               "dp": 3,
               "name": "Switch3",
               "capability": "WW",
               "typefield": "BOOLEANONOFF"
            },
            {
               "dp": 4,
               "name": "Switch4",
               "capability": "WW",
               "typefield": "BOOLEANONOFF"
            },
            {
               "dp": 5,
               "name": "SwitchUSB",
               "capability": "WW",
               "typefield": "BOOLEANONOFF"
            },
            {
               "dp": 9,
               "name": "countdown1",
               "capability": "WW",
               "type": "int"
            },
            {
               "dp": 10,
               "name": "countdown2",
               "capability": "WW",
               "type": "int"
            },
            {
               "dp": 11,
               "name": "countdown3",
               "capability": "WW",
               "type": "int"
            },
            {
               "dp": 12,
               "name": "countdown4",
               "capability": "WW",
               "type": "int"
            },
            {
               "dp": 13,
               "name": "countdownUSB",
               "capability": "WW",
               "type": "int"
            }
         ]
      },
