      {
         "device": "_core",
         "capability": ["SET","GET","SCHEMA"],
         "dps": [
            {
               "dp": "_DBase",
               "capability": "RO"
            },
            {
               "dp": "_heartbeat",
               "capability": "RO",
               "typefield": "TSTAMP2TIME"
            },
            {
               "dp": "_info",
               "name": "version"
            },
            {
               "dp": "_name",
               "capability": "RO"
            }
         ]
      }
