[
    {
        "id": "ad03aff2b2d1e709",
        "type": "tab",
        "label": "Tuya Cloud API V2.0 (public)",
        "disabled": false,
        "info": "\r\n# Tuya Cloud API V2.0\r\n\r\nThis project is derived from the project by NotEnoughTech (https://github.com/notenoughtech/NodeRED-Projects/tree/master/Tuya%20Cloud%20API)\r\n\r\nThe \"Tuya Cloud API V2.0\" is minimal, for test and API exploration.\r\n\r\n\r\n- SET 'client_id' and 'device_id' in  'Settings CLICK 'On Start' TAB' node una tantum. \r\n- SET your Tuya SecretKey in (all) 'Sign signStr with secret' nodes.\r\n- Update URL var with your regional [tuya data center](https://github.com/tuya/tuya-home-assistant/blob/main/docs/regions_dataCenters.md) in ALL second function nodes.  \r\n- All flows are very similar, with a few differences - read the flow comments node for customization.\r\n \r\n\r\nnotes:\r\n - You will need to add `node-red-contrib-crypto-js-dynamic` from palette manager.\r\n  - TuyaAPI uses 'codes' (tuya names for DPs) and not DPs. The output of the 'Get SCHEMA V2.0' flow maps DPs <=> codes.\r\n    \r\n\r\nAPI references:\r\n\r\nIOT-Core: https://developer.tuya.com/en/docs/cloud/device-connection-service?id=Kb0b8geg6o761\r\n",
        "env": []
    },
    {
        "id": "b37a1a2c1caf5dad",
        "type": "function",
        "z": "ad03aff2b2d1e709",
        "name": "",
        "func": "var device_id = flow.get(\"device_id\");\nvar url = \"https://openapi.tuyaeu.com/v1.0/iot-03/devices/\"+device_id+\"/specification\";\nvar t = msg.time;\nvar method = \"GET\";\nvar client_id  = flow.get(\"tuya_client_id\");\nvar creds = flow.get(\"tuya\");\nvar token = creds.access_token;\nvar sign = msg.payload;\nmsg.headers ={\n \"sign_method\": \"HMAC-SHA256\",\n \"client_id\" : client_id,\n \"t\": t.toString(),\n \"mode\" : \"cors\",\n \"Content-Type\": \"application/json\",\n \"sign\": sign.toUpperCase(),\n \"access_token\" : token\n },\n msg.payload = '';\n msg.url = url;\n msg.method = \"GET\";\nreturn msg;",
        "outputs": 1,
        "noerr": 0,
        "initialize": "",
        "finalize": "",
        "libs": [],
        "x": 720,
        "y": 580,
        "wires": [
            [
                "bc865a9ab3863095"
            ]
        ]
    },
    {
        "id": "bc865a9ab3863095",
        "type": "http request",
        "z": "ad03aff2b2d1e709",
        "name": "",
        "method": "use",
        "ret": "obj",
        "paytoqs": "ignore",
        "url": "",
        "tls": "",
        "persist": false,
        "proxy": "",
        "authType": "",
        "x": 890,
        "y": 580,
        "wires": [
            [
                "d1d7efb2b2944a07"
            ]
        ]
    },
    {
        "id": "d3a5db7d0cdda049",
        "type": "inject",
        "z": "ad03aff2b2d1e709",
        "name": "",
        "props": [
            {
                "p": "time",
                "v": "",
                "vt": "date"
            }
        ],
        "repeat": "",
        "crontab": "",
        "once": false,
        "onceDelay": 0.1,
        "topic": "",
        "x": 55,
        "y": 580,
        "wires": [
            [
                "ea749011ebfeba74"
            ]
        ],
        "l": false
    },
    {
        "id": "ea749011ebfeba74",
        "type": "function",
        "z": "ad03aff2b2d1e709",
        "name": "Create signStr",
        "func": "var creds = flow.get(\"tuya\");\nvar access_token = creds.access_token;\nvar device_id = flow.get(\"device_id\");\nvar t = msg.time;\nvar client_id  = flow.get(\"tuya_client_id\");\nvar token = access_token;\nvar method = \"GET\";\n\nvar sign_url = \"/v1.0/iot-03/devices/\"+device_id+\"/specification\";\n// \nvar content_hash = \"e3b0c44298fc1c149afbf4c8996fb92427ae41e4649b934ca495991b7852b855\";\nvar string_to_sign = method+\"\\n\"+content_hash+\"\\n\"+\"\"+\"\\n\"+sign_url;\nvar signStr = client_id+token+t+string_to_sign;\n\nmsg.payload = signStr;\nmsg.time = msg.time;\n\nreturn msg;",
        "outputs": 1,
        "noerr": 0,
        "initialize": "",
        "finalize": "",
        "libs": [],
        "x": 260,
        "y": 580,
        "wires": [
            [
                "d01794e17c391b6c"
            ]
        ]
    },
    {
        "id": "cefb978b20a78591",
        "type": "function",
        "z": "ad03aff2b2d1e709",
        "name": "",
        "func": "var url = \"https://openapi.tuyaeu.com/v1.0/token?grant_type=1\";\nvar t = msg.time;\nvar sign = msg.payload;\nvar client_id  = flow.get(\"tuya_client_id\");\nmsg.headers ={\n \"sign_method\": \"HMAC-SHA256\",\n \"client_id\" : client_id,\n \"t\": t.toString(),\n \"sign\": sign.toUpperCase(),\n },\n msg.payload = '';\n msg.url = url;\n msg.method = \"GET\";\nreturn msg;",
        "outputs": 1,
        "noerr": 0,
        "initialize": "",
        "finalize": "",
        "libs": [],
        "x": 680,
        "y": 160,
        "wires": [
            [
                "d14f6bde7ab257a8"
            ]
        ]
    },
    {
        "id": "d14f6bde7ab257a8",
        "type": "http request",
        "z": "ad03aff2b2d1e709",
        "name": "",
        "method": "use",
        "ret": "obj",
        "paytoqs": "ignore",
        "url": "",
        "tls": "",
        "persist": false,
        "proxy": "",
        "authType": "",
        "x": 890,
        "y": 160,
        "wires": [
            [
                "e3c421ebca2b04ec"
            ]
        ]
    },
    {
        "id": "5c3daaae8e53170e",
        "type": "inject",
        "z": "ad03aff2b2d1e709",
        "name": "",
        "props": [
            {
                "p": "time",
                "v": "",
                "vt": "date"
            }
        ],
        "repeat": "",
        "crontab": "",
        "once": false,
        "onceDelay": 0.1,
        "topic": "",
        "x": 55,
        "y": 160,
        "wires": [
            [
                "a42b8a61df90c925"
            ]
        ],
        "l": false
    },
    {
        "id": "a42b8a61df90c925",
        "type": "function",
        "z": "ad03aff2b2d1e709",
        "name": "Create signStr",
        "func": "var client_id  = flow.get(\"tuya_client_id\");\nvar t = msg.time;\n\n\nvar method = \"GET\";\nvar sign_url = \"/v1.0/token?grant_type=1\";\n\n// Couldn't get nodered to process an empty string so this is a hash of an empty file\nvar content_hash = \"e3b0c44298fc1c149afbf4c8996fb92427ae41e4649b934ca495991b7852b855\";\nvar string_to_sign = method+\"\\n\"+content_hash+\"\\n\"+\"\"+\"\\n\"+sign_url;\nvar signStr = client_id+t+string_to_sign;\n\nmsg.payload = signStr;\nmsg.time = msg.time;\n\nreturn msg;",
        "outputs": 1,
        "noerr": 0,
        "initialize": "",
        "finalize": "",
        "libs": [],
        "x": 260,
        "y": 160,
        "wires": [
            [
                "f75e237c743cf3e6"
            ]
        ]
    },
    {
        "id": "98dd3c5e3111b53c",
        "type": "comment",
        "z": "ad03aff2b2d1e709",
        "name": "Get Access Token  V1.0 (Get_a_Token)",
        "info": "Each OAuth token is valid for two hours.\n\n\nTuya API Reference: https://developer.tuya.com/en/docs/cloud/6c1636a9bd?id=Ka7kjumkoa53v",
        "x": 170,
        "y": 120,
        "wires": []
    },
    {
        "id": "45452fa1f9ab8a7e",
        "type": "comment",
        "z": "ad03aff2b2d1e709",
        "name": "Get the specifications and properties  V1.0",
        "info": "Get info about I/O data from device. \nYou get 'functions' (RW) and 'status' (RW + RO) properties list with values and limits.\n\nnote:\n- To change the device, update the `device_id` in 'Settings: CLICK *On Start* TAB' node, and deploy.\n- in result, uses `code` and not `DPs`.\n\n\n\n\n\n\n\n\nTuya API reference:\nhttps://developer.tuya.com/en/docs/cloud/68c2e82f73?id=Kag2ybtxwlb9w",
        "x": 180,
        "y": 540,
        "wires": []
    },
    {
        "id": "e3c421ebca2b04ec",
        "type": "function",
        "z": "ad03aff2b2d1e709",
        "name": "Extract Token from Response",
        "func": "var data = msg.payload;\nvar access = data.result.access_token;\nvar refresh = data.result.refresh_token;\n\nvar creds ={\n \"access_token\" : access,\n \"refresh_token\" : refresh\n}\nflow.set(\"tuya\", creds);\nreturn msg;",
        "outputs": 1,
        "noerr": 0,
        "initialize": "",
        "finalize": "",
        "libs": [],
        "x": 1120,
        "y": 160,
        "wires": [
            []
        ]
    },
    {
        "id": "95e1edc2cb00ddfc",
        "type": "function",
        "z": "ad03aff2b2d1e709",
        "name": "Settings: CLICK *On Start* TAB",
        "func": "\nreturn msg;",
        "outputs": 1,
        "noerr": 0,
        "initialize": "// set here YOUR values\nvar client_id  = \"dvw6pjud***\";\nvar device_id  = \"bf8c6fd***\";  // wifi switch\n// var device_id = \"bf9429553***\";  // ZigBee termo studio\n// var device_id = \"bf4834ff9***\";  // Zigbee soil sensor \n//\nflow.set(\"tuya_client_id\", client_id);\nflow.set(\"device_id\", device_id );",
        "finalize": "",
        "libs": [],
        "x": 310,
        "y": 40,
        "wires": [
            []
        ]
    },
    {
        "id": "452bd238cdb44d21",
        "type": "comment",
        "z": "ad03aff2b2d1e709",
        "name": "Rerquest: SET DP OFF  V2.0 (Send_Property)",
        "info": "SET the value of one or more properties.\n\nnote:\n- To change the device, update the `device_id` in 'Settings: CLICK *On Start* TAB' node, and deploy.\n- To change the 'code' and/or the `value` update the `msg.payload`in _input_ node AND update the `msg.payload` in second `function` node.\n- Uses `code`, not `DPs` (see GET device SCHEMA V2.0 flow)\n- Input format for `msg.payload` MUST be a `string` (you can use `JSON` to edit, but after change it to string).\n\nTuya API reference:\nhttps://developer.tuya.com/en/docs/cloud/c057ad5cfd?id=Kcp2kxdzftp91",
        "x": 190,
        "y": 1100,
        "wires": []
    },
    {
        "id": "98bbd5d42df79402",
        "type": "function",
        "z": "ad03aff2b2d1e709",
        "name": "",
        "func": "var device_id = flow.get(\"device_id\");\nvar url = \"https://openapi.tuyaeu.com/v2.0/cloud/thing/\"+device_id+\"/shadow/properties/issue\";\nvar t = msg.time;\nvar client_id  = flow.get(\"tuya_client_id\");\nvar creds = flow.get(\"tuya\");\nvar access_token = creds.access_token;\nvar sign = msg.payload;\n\nmsg.headers ={\n \"sign_method\": \"HMAC-SHA256\",\n \"client_id\" : client_id,\n \"t\": t.toString(),\n \"mode\" : \"cors\",\n \"Content-Type\": \"application/json\",\n \"sign\": sign.toUpperCase(),\n \"access_token\" : access_token,\n },\n msg.payload = '{\"properties\":{\"switch_1\":false}}';\n msg.url = url;\n msg.method = \"POST\";\n //msg.payload = '';\nreturn msg;",
        "outputs": 1,
        "noerr": 0,
        "initialize": "",
        "finalize": "",
        "libs": [],
        "x": 880,
        "y": 1140,
        "wires": [
            [
                "65c8fd82a02f9566"
            ]
        ]
    },
    {
        "id": "65c8fd82a02f9566",
        "type": "http request",
        "z": "ad03aff2b2d1e709",
        "name": "",
        "method": "use",
        "ret": "obj",
        "paytoqs": "ignore",
        "url": "",
        "tls": "",
        "persist": false,
        "proxy": "",
        "authType": "",
        "x": 1030,
        "y": 1140,
        "wires": [
            [
                "8ae7fda5c206f6d3"
            ]
        ]
    },
    {
        "id": "0ccfb65c2484a55b",
        "type": "inject",
        "z": "ad03aff2b2d1e709",
        "name": "",
        "props": [
            {
                "p": "time",
                "v": "",
                "vt": "date"
            },
            {
                "p": "payload"
            }
        ],
        "repeat": "",
        "crontab": "",
        "once": false,
        "onceDelay": 0.1,
        "topic": "",
        "payload": "{\"properties\":{\"switch_1\":false}}",
        "payloadType": "str",
        "x": 90,
        "y": 1140,
        "wires": [
            [
                "7b4186964e3a531f"
            ]
        ]
    },
    {
        "id": "6e667718e92d121b",
        "type": "function",
        "z": "ad03aff2b2d1e709",
        "name": "Create signStr",
        "func": "var creds = flow.get(\"tuya\");\nvar access_token = creds.access_token;\nvar device_id = flow.get(\"device_id\");\nvar hashed_size = msg.payload;\nvar t = msg.time;\nvar client_id  = flow.get(\"tuya_client_id\");\nvar token = access_token;\nvar method = \"POST\";\nvar sign_url = \"/v2.0/cloud/thing/\"+device_id+\"/shadow/properties/issue\";\nvar content_hash = hashed_size;\nvar string_to_sign = method+\"\\n\"+content_hash+\"\\n\"+\"\"+\"\\n\"+sign_url;\nvar signStr = client_id+token+t+string_to_sign;\n\nmsg.payload = signStr;\nmsg.time = msg.time;\n\nreturn msg;\n\n",
        "outputs": 1,
        "noerr": 0,
        "initialize": "",
        "finalize": "",
        "libs": [],
        "x": 460,
        "y": 1140,
        "wires": [
            [
                "c1c3ceb0517906e8"
            ]
        ]
    },
    {
        "id": "29d015966177e09b",
        "type": "comment",
        "z": "ad03aff2b2d1e709",
        "name": "Request SET DP ON V2.0  (Send_Property)",
        "info": "SET the value of one or more properties.\n\nnote:\n- To change the device, update the `device_id` in 'Settings: CLICK *On Start* TAB' node, and deploy.\n- To change the 'code' and/or the `value` update the `msg.payload`in _input_ node AND update the `msg.payload` in second `function` node.\n- Uses `code`, not `DPs` (see GET device SCHEMA V2.0 flow)\n- Input format for `msg.payload` MUST be a string (you can use JSON to edit, but after change it on string).\n\nTuya API reference:\nhttps://developer.tuya.com/en/docs/cloud/c057ad5cfd?id=Kcp2kxdzftp91",
        "x": 180,
        "y": 1000,
        "wires": []
    },
    {
        "id": "9b4a04be135d349e",
        "type": "function",
        "z": "ad03aff2b2d1e709",
        "name": "",
        "func": "var device_id = flow.get(\"device_id\");\nvar url = \"https://openapi.tuyaeu.com/v2.0/cloud/thing/\"+device_id+\"/shadow/properties/issue\";\nvar t = msg.time;\nvar client_id  = flow.get(\"tuya_client_id\");\nvar creds = flow.get(\"tuya\");\nvar access_token = creds.access_token;\nvar sign = msg.payload;\n\nmsg.headers ={\n \"sign_method\": \"HMAC-SHA256\",\n \"client_id\" : client_id,\n \"t\": t.toString(),\n \"mode\" : \"cors\",\n \"Content-Type\": \"application/json\",\n \"sign\": sign.toUpperCase(),\n \"access_token\" : access_token,\n },\n msg.payload = '{\"properties\":{\"switch_1\":true}}';\n msg.url = url;\n msg.method = \"POST\";\n //msg.payload = '';\nreturn msg;",
        "outputs": 1,
        "noerr": 0,
        "initialize": "",
        "finalize": "",
        "libs": [],
        "x": 880,
        "y": 1040,
        "wires": [
            [
                "6de843ff15950595"
            ]
        ]
    },
    {
        "id": "6de843ff15950595",
        "type": "http request",
        "z": "ad03aff2b2d1e709",
        "name": "",
        "method": "use",
        "ret": "obj",
        "paytoqs": "ignore",
        "url": "",
        "tls": "",
        "persist": false,
        "proxy": "",
        "authType": "",
        "x": 1030,
        "y": 1040,
        "wires": [
            [
                "490cae05281893b2"
            ]
        ]
    },
    {
        "id": "c2936e1458ddf5fc",
        "type": "inject",
        "z": "ad03aff2b2d1e709",
        "name": "",
        "props": [
            {
                "p": "time",
                "v": "",
                "vt": "date"
            },
            {
                "p": "payload"
            }
        ],
        "repeat": "",
        "crontab": "",
        "once": false,
        "onceDelay": 0.1,
        "topic": "",
        "payload": "{\"properties\":{\"switch_1\":true}}",
        "payloadType": "str",
        "x": 90,
        "y": 1040,
        "wires": [
            [
                "834f95c84e78e8e6"
            ]
        ]
    },
    {
        "id": "b72eefae8183a5cb",
        "type": "function",
        "z": "ad03aff2b2d1e709",
        "name": "Create signStr",
        "func": "var creds = flow.get(\"tuya\");\nvar access_token = creds.access_token;\nvar device_id = flow.get(\"device_id\");\nvar hashed_size = msg.payload;\nvar t = msg.time;\nvar client_id  = flow.get(\"tuya_client_id\");\nvar token = access_token;\nvar method = \"POST\";\nvar sign_url = \"/v2.0/cloud/thing/\"+device_id+\"/shadow/properties/issue\";\nvar content_hash = hashed_size;\nvar string_to_sign = method+\"\\n\"+content_hash+\"\\n\"+\"\"+\"\\n\"+sign_url;\nvar signStr = client_id+token+t+string_to_sign;\n\nmsg.payload = signStr;\nmsg.time = msg.time;\n\nreturn msg;",
        "outputs": 1,
        "noerr": 0,
        "initialize": "",
        "finalize": "",
        "libs": [],
        "x": 460,
        "y": 1040,
        "wires": [
            [
                "1eae18327809851a"
            ]
        ]
    },
    {
        "id": "d01794e17c391b6c",
        "type": "hmac",
        "z": "ad03aff2b2d1e709",
        "name": "Sign signStr with secret",
        "algorithm": "HmacSHA256",
        "key": "secretKey",
        "x": 490,
        "y": 580,
        "wires": [
            [
                "b37a1a2c1caf5dad"
            ]
        ]
    },
    {
        "id": "f75e237c743cf3e6",
        "type": "hmac",
        "z": "ad03aff2b2d1e709",
        "name": "Sign signStr with secret",
        "algorithm": "HmacSHA256",
        "key": "secretKey",
        "x": 470,
        "y": 160,
        "wires": [
            [
                "cefb978b20a78591"
            ]
        ]
    },
    {
        "id": "c1c3ceb0517906e8",
        "type": "hmac",
        "z": "ad03aff2b2d1e709",
        "name": "Sign signStr with secret",
        "algorithm": "HmacSHA256",
        "key": "secretKey",
        "x": 690,
        "y": 1140,
        "wires": [
            [
                "98bbd5d42df79402"
            ]
        ]
    },
    {
        "id": "1eae18327809851a",
        "type": "hmac",
        "z": "ad03aff2b2d1e709",
        "name": "Sign signStr with secret",
        "algorithm": "HmacSHA256",
        "key": "secretKey",
        "x": 690,
        "y": 1040,
        "wires": [
            [
                "9b4a04be135d349e"
            ]
        ]
    },
    {
        "id": "834f95c84e78e8e6",
        "type": "digest",
        "z": "ad03aff2b2d1e709",
        "name": "Hash the body data",
        "algorithm": "SHA256",
        "x": 270,
        "y": 1040,
        "wires": [
            [
                "b72eefae8183a5cb"
            ]
        ]
    },
    {
        "id": "7b4186964e3a531f",
        "type": "digest",
        "z": "ad03aff2b2d1e709",
        "name": "Hash the body data",
        "algorithm": "SHA256",
        "x": 270,
        "y": 1140,
        "wires": [
            [
                "6e667718e92d121b"
            ]
        ]
    },
    {
        "id": "d1d7efb2b2944a07",
        "type": "debug",
        "z": "ad03aff2b2d1e709",
        "name": "debug 3",
        "active": true,
        "tosidebar": true,
        "console": false,
        "tostatus": false,
        "complete": "true",
        "targetType": "full",
        "statusVal": "",
        "statusType": "auto",
        "x": 1140,
        "y": 580,
        "wires": []
    },
    {
        "id": "8ae7fda5c206f6d3",
        "type": "debug",
        "z": "ad03aff2b2d1e709",
        "name": "debug 4",
        "active": true,
        "tosidebar": true,
        "console": false,
        "tostatus": false,
        "complete": "true",
        "targetType": "full",
        "statusVal": "",
        "statusType": "auto",
        "x": 1260,
        "y": 1140,
        "wires": []
    },
    {
        "id": "490cae05281893b2",
        "type": "debug",
        "z": "ad03aff2b2d1e709",
        "name": "debug 5",
        "active": true,
        "tosidebar": true,
        "console": false,
        "tostatus": false,
        "complete": "true",
        "targetType": "full",
        "statusVal": "",
        "statusType": "auto",
        "x": 1260,
        "y": 1040,
        "wires": []
    },
    {
        "id": "c0304a088c2b7bd9",
        "type": "function",
        "z": "ad03aff2b2d1e709",
        "name": "",
        "func": "var creds = flow.get(\"tuya\");\nvar refresh_token = creds.refresh_token;\nvar url = \"https://openapi.tuyaeu.com/v1.0/token/\"+refresh_token;\nvar t = msg.time;\nvar sign = msg.payload;\nvar client_id  = flow.get(\"tuya_client_id\");\nmsg.headers ={\n \"sign_method\": \"HMAC-SHA256\",\n \"client_id\" : client_id,\n \"t\": t.toString(),\n \"sign\": sign.toUpperCase(),\n },\n msg.payload = '';\n msg.url = url;\n msg.method = \"GET\";\nreturn msg;",
        "outputs": 1,
        "noerr": 0,
        "initialize": "",
        "finalize": "",
        "libs": [],
        "x": 680,
        "y": 260,
        "wires": [
            [
                "e5e6f18f59a029bf"
            ]
        ]
    },
    {
        "id": "e5e6f18f59a029bf",
        "type": "http request",
        "z": "ad03aff2b2d1e709",
        "name": "",
        "method": "use",
        "ret": "obj",
        "paytoqs": "ignore",
        "url": "",
        "tls": "",
        "persist": false,
        "proxy": "",
        "authType": "",
        "x": 890,
        "y": 260,
        "wires": [
            [
                "e5e4c18dc3f01949"
            ]
        ]
    },
    {
        "id": "05c9ecf3f35e3fae",
        "type": "inject",
        "z": "ad03aff2b2d1e709",
        "name": "",
        "props": [
            {
                "p": "time",
                "v": "",
                "vt": "date"
            }
        ],
        "repeat": "",
        "crontab": "",
        "once": false,
        "onceDelay": 0.1,
        "topic": "",
        "x": 55,
        "y": 260,
        "wires": [
            [
                "15d3b18bda6ca6dc"
            ]
        ],
        "l": false
    },
    {
        "id": "15d3b18bda6ca6dc",
        "type": "function",
        "z": "ad03aff2b2d1e709",
        "name": "Create signStr",
        "func": "var creds = flow.get(\"tuya\");\nvar refresh_token = creds.refresh_token;\n\nvar client_id  = flow.get(\"tuya_client_id\");\nvar t = msg.time;\n\n\nvar method = \"GET\";\nvar sign_url = \"/v1.0/token/\"+refresh_token;\n\n// Couldn't get nodered to process an empty string so this is a hash of an empty file\nvar content_hash = \"e3b0c44298fc1c149afbf4c8996fb92427ae41e4649b934ca495991b7852b855\";\nvar string_to_sign = method+\"\\n\"+content_hash+\"\\n\"+\"\"+\"\\n\"+sign_url;\nvar signStr = client_id+t+string_to_sign;\n\nmsg.payload = signStr;\nmsg.time = msg.time;\n\nreturn msg;",
        "outputs": 1,
        "noerr": 0,
        "initialize": "",
        "finalize": "",
        "libs": [],
        "x": 260,
        "y": 260,
        "wires": [
            [
                "ccee3d794820c192"
            ]
        ]
    },
    {
        "id": "7f47f2592d7d110c",
        "type": "comment",
        "z": "ad03aff2b2d1e709",
        "name": "Get Refresh Token V1.0 (Refresh_Token)",
        "info": "Before (or after) token expiration, you need to use refresh_token to replace the previous token\n\nTuya API Reference:\n  https://developer.tuya.com/en/docs/cloud/80bb968f1d?id=Ka7kjv3j8jgvr",
        "x": 180,
        "y": 220,
        "wires": []
    },
    {
        "id": "e5e4c18dc3f01949",
        "type": "function",
        "z": "ad03aff2b2d1e709",
        "name": "Extract Token from Response",
        "func": "var data = msg.payload;\nvar access = data.result.access_token;\nvar refresh = data.result.refresh_token;\n\nvar creds ={\n \"access_token\" : access,\n \"refresh_token\" : refresh\n}\nflow.set(\"tuya\", creds);\nreturn msg;",
        "outputs": 1,
        "noerr": 0,
        "initialize": "",
        "finalize": "",
        "libs": [],
        "x": 1120,
        "y": 260,
        "wires": [
            []
        ]
    },
    {
        "id": "ccee3d794820c192",
        "type": "hmac",
        "z": "ad03aff2b2d1e709",
        "name": "Sign signStr with secret",
        "algorithm": "HmacSHA256",
        "key": "secretKey",
        "x": 470,
        "y": 260,
        "wires": [
            [
                "c0304a088c2b7bd9"
            ]
        ]
    },
    {
        "id": "dce1e18ab24d2675",
        "type": "function",
        "z": "ad03aff2b2d1e709",
        "name": "",
        "func": "var device_id = flow.get(\"device_id\");\nvar url = \"https://openapi.tuyaeu.com/v2.0/cloud/thing/\"+device_id+\"/shadow/properties\";\nvar t = msg.time;\nvar method = \"GET\";\nvar client_id  = flow.get(\"tuya_client_id\");\nvar creds = flow.get(\"tuya\");\nvar token = creds.access_token;\nvar sign = msg.payload;\nmsg.headers ={\n \"sign_method\": \"HMAC-SHA256\",\n \"client_id\" : client_id,\n \"t\": t.toString(),\n \"mode\" : \"cors\",\n \"Content-Type\": \"application/json\",\n \"sign\": sign.toUpperCase(),\n \"access_token\" : token\n },\n msg.payload = '';\n msg.url = url;\n msg.method = \"GET\";\nreturn msg;",
        "outputs": 1,
        "noerr": 0,
        "initialize": "",
        "finalize": "",
        "libs": [],
        "x": 720,
        "y": 700,
        "wires": [
            [
                "fb86f2d50f9542b9"
            ]
        ]
    },
    {
        "id": "fb86f2d50f9542b9",
        "type": "http request",
        "z": "ad03aff2b2d1e709",
        "name": "",
        "method": "use",
        "ret": "obj",
        "paytoqs": "ignore",
        "url": "",
        "tls": "",
        "persist": false,
        "proxy": "",
        "authType": "",
        "x": 890,
        "y": 700,
        "wires": [
            [
                "545ccac1938e5cc6"
            ]
        ]
    },
    {
        "id": "bdf7d23cdf6dceb7",
        "type": "inject",
        "z": "ad03aff2b2d1e709",
        "name": "",
        "props": [
            {
                "p": "time",
                "v": "",
                "vt": "date"
            },
            {
                "p": "topic",
                "vt": "str"
            }
        ],
        "repeat": "",
        "crontab": "",
        "once": false,
        "onceDelay": 0.1,
        "topic": "",
        "x": 55,
        "y": 700,
        "wires": [
            [
                "60cca1d13a90052f"
            ]
        ],
        "l": false
    },
    {
        "id": "60cca1d13a90052f",
        "type": "function",
        "z": "ad03aff2b2d1e709",
        "name": "Create signStr",
        "func": "var creds = flow.get(\"tuya\");\nvar access_token = creds.access_token;\nvar device_id = flow.get(\"device_id\");\nvar t = msg.time;\nvar client_id  = flow.get(\"tuya_client_id\");\nvar token = access_token;\nvar method = \"GET\";\nvar sign_url = \"/v2.0/cloud/thing/\"+device_id+\"/shadow/properties\";\nvar content_hash = \"e3b0c44298fc1c149afbf4c8996fb92427ae41e4649b934ca495991b7852b855\";\nvar string_to_sign = method+\"\\n\"+content_hash+\"\\n\"+\"\"+\"\\n\"+sign_url;\nvar signStr = client_id+token+t+string_to_sign;\n\nmsg.payload = signStr;\nmsg.time = msg.time;\n\nreturn msg;",
        "outputs": 1,
        "noerr": 0,
        "initialize": "",
        "finalize": "",
        "libs": [],
        "x": 260,
        "y": 700,
        "wires": [
            [
                "cc41a91f1b248ba2"
            ]
        ]
    },
    {
        "id": "b66d194e2dca7239",
        "type": "comment",
        "z": "ad03aff2b2d1e709",
        "name": "GET device SCHEMA V2.0 (Query_Properties)",
        "info": "Get status from a device. \n\nnote:\n- To change the device, update the `device_id` in 'Settings: CLICK *On Start* TAB' node, and deploy.\n - Returns `code` AND `DPs`: useful to map `DPS` <=> `code`\n\nTuya API reference:\nhttps://developer.tuya.com/en/docs/cloud/116cc8bf6f?id=Kcp2kwfrpe719",
        "x": 200,
        "y": 660,
        "wires": []
    },
    {
        "id": "cc41a91f1b248ba2",
        "type": "hmac",
        "z": "ad03aff2b2d1e709",
        "name": "Sign signStr with secret",
        "algorithm": "HmacSHA256",
        "key": "secretKey",
        "x": 490,
        "y": 700,
        "wires": [
            [
                "dce1e18ab24d2675"
            ]
        ]
    },
    {
        "id": "545ccac1938e5cc6",
        "type": "debug",
        "z": "ad03aff2b2d1e709",
        "name": "debug 7",
        "active": true,
        "tosidebar": true,
        "console": false,
        "tostatus": false,
        "complete": "true",
        "targetType": "full",
        "statusVal": "",
        "statusType": "auto",
        "x": 1140,
        "y": 700,
        "wires": []
    },
    {
        "id": "9738d38c8a26eaf3",
        "type": "function",
        "z": "ad03aff2b2d1e709",
        "name": "",
        "func": "var device_id = flow.get(\"device_id\");\nvar url = \"https://openapi.tuyaeu.com/v2.0/cloud/thing/\"+device_id+\"/shadow/properties?codes=xxx***,xxx***g\";\nvar t = msg.time;\nvar method = \"GET\";\nvar client_id  = flow.get(\"tuya_client_id\");\nvar creds = flow.get(\"tuya\");\nvar token = creds.access_token;\nvar sign = msg.payload;\nmsg.headers ={\n \"sign_method\": \"HMAC-SHA256\",\n \"client_id\" : client_id,\n \"t\": t.toString(),\n \"mode\" : \"cors\",\n \"Content-Type\": \"application/json\",\n \"sign\": sign.toUpperCase(),\n \"access_token\" : token\n },\n msg.payload = '';\n msg.url = url;\n msg.method = \"GET\";\nreturn msg;",
        "outputs": 1,
        "noerr": 0,
        "initialize": "",
        "finalize": "",
        "libs": [],
        "x": 720,
        "y": 820,
        "wires": [
            [
                "b55e39063a8bdcba"
            ]
        ]
    },
    {
        "id": "b55e39063a8bdcba",
        "type": "http request",
        "z": "ad03aff2b2d1e709",
        "name": "",
        "method": "use",
        "ret": "obj",
        "paytoqs": "ignore",
        "url": "",
        "tls": "",
        "persist": false,
        "proxy": "",
        "authType": "",
        "x": 890,
        "y": 820,
        "wires": [
            [
                "ad9a113e67899f8c"
            ]
        ]
    },
    {
        "id": "27014b27c229e8ce",
        "type": "inject",
        "z": "ad03aff2b2d1e709",
        "name": "",
        "props": [
            {
                "p": "time",
                "v": "",
                "vt": "date"
            }
        ],
        "repeat": "",
        "crontab": "",
        "once": false,
        "onceDelay": 0.1,
        "topic": "",
        "x": 55,
        "y": 820,
        "wires": [
            [
                "5831a6e6972d26be"
            ]
        ],
        "l": false
    },
    {
        "id": "5831a6e6972d26be",
        "type": "function",
        "z": "ad03aff2b2d1e709",
        "name": "Create signStr",
        "func": "var creds = flow.get(\"tuya\");\nvar access_token = creds.access_token;\nvar device_id = flow.get(\"device_id\");\nvar t = msg.time;\nvar client_id  = flow.get(\"tuya_client_id\");\nvar token = access_token;\nvar method = \"GET\";\nvar sign_url = \"/v2.0/cloud/thing/\"+device_id+\"/shadow/properties?codes=xxx***\";\nvar content_hash = \"e3b0c44298fc1c149afbf4c8996fb92427ae41e4649b934ca495991b7852b855\";\nvar string_to_sign = method+\"\\n\"+content_hash+\"\\n\"+\"\"+\"\\n\"+sign_url;\nvar signStr = client_id+token+t+string_to_sign;\n\nmsg.payload = signStr;\nmsg.time = msg.time;\n\nreturn msg;",
        "outputs": 1,
        "noerr": 0,
        "initialize": "",
        "finalize": "",
        "libs": [],
        "x": 260,
        "y": 820,
        "wires": [
            [
                "dd03b25f5b3fd3f6"
            ]
        ]
    },
    {
        "id": "600448946efe67fc",
        "type": "comment",
        "z": "ad03aff2b2d1e709",
        "name": " GET (some) DPs values V2.0  (Query_Properties)",
        "info": "GET the value of one or more properties.\n\nnote:\n- To change the device, update the `device_id` in 'Settings: CLICK *On Start* TAB' node, and deploy.\n- To change the 'code' update the `sign_ulr`in _Create signStr_ function node AND update the `url` in second `function` node.\n- Uses `code`, not `DPs` (see GET device SCHEMA V2.0 flow) \n- bad `codes` are ignored (no error)\n\nTuya API reference:\nhttps://developer.tuya.com/en/docs/cloud/116cc8bf6f?id=Kcp2kwfrpe719\n",
        "x": 200,
        "y": 780,
        "wires": []
    },
    {
        "id": "dd03b25f5b3fd3f6",
        "type": "hmac",
        "z": "ad03aff2b2d1e709",
        "name": "Sign signStr with secret",
        "algorithm": "HmacSHA256",
        "key": "secretKey",
        "x": 490,
        "y": 820,
        "wires": [
            [
                "9738d38c8a26eaf3"
            ]
        ]
    },
    {
        "id": "ad9a113e67899f8c",
        "type": "debug",
        "z": "ad03aff2b2d1e709",
        "name": "debug 9",
        "active": true,
        "tosidebar": true,
        "console": false,
        "tostatus": false,
        "complete": "true",
        "targetType": "full",
        "statusVal": "",
        "statusType": "auto",
        "x": 1140,
        "y": 820,
        "wires": []
    },
    {
        "id": "e32d9fb6c34ad893",
        "type": "function",
        "z": "ad03aff2b2d1e709",
        "name": "",
        "func": "var device_id = flow.get(\"device_id\");\nvar url = \"https://openapi.tuyaeu.com/v2.0/cloud/thing/\"+device_id;\nvar t = msg.time;\nvar method = \"GET\";\nvar client_id  = flow.get(\"tuya_client_id\");\nvar creds = flow.get(\"tuya\");\nvar token = creds.access_token;\nvar sign = msg.payload;\nmsg.headers ={\n \"sign_method\": \"HMAC-SHA256\",\n \"client_id\" : client_id,\n \"t\": t.toString(),\n \"mode\" : \"cors\",\n \"Content-Type\": \"application/json\",\n \"sign\": sign.toUpperCase(),\n \"access_token\" : token\n },\n msg.payload = '';\n msg.url = url;\n msg.method = \"GET\";\nreturn msg;",
        "outputs": 1,
        "noerr": 0,
        "initialize": "",
        "finalize": "",
        "libs": [],
        "x": 720,
        "y": 460,
        "wires": [
            [
                "3760c83543391c3c"
            ]
        ]
    },
    {
        "id": "3760c83543391c3c",
        "type": "http request",
        "z": "ad03aff2b2d1e709",
        "name": "",
        "method": "use",
        "ret": "obj",
        "paytoqs": "ignore",
        "url": "",
        "tls": "",
        "persist": false,
        "proxy": "",
        "authType": "",
        "x": 890,
        "y": 460,
        "wires": [
            [
                "27038843f80d14f0"
            ]
        ]
    },
    {
        "id": "2426ea31c42cd640",
        "type": "inject",
        "z": "ad03aff2b2d1e709",
        "name": "",
        "props": [
            {
                "p": "time",
                "v": "",
                "vt": "date"
            }
        ],
        "repeat": "",
        "crontab": "",
        "once": false,
        "onceDelay": 0.1,
        "topic": "",
        "x": 55,
        "y": 460,
        "wires": [
            [
                "3ecfe08d9e15fa60"
            ]
        ],
        "l": false
    },
    {
        "id": "3ecfe08d9e15fa60",
        "type": "function",
        "z": "ad03aff2b2d1e709",
        "name": "Create signStr",
        "func": "var creds = flow.get(\"tuya\");\nvar access_token = creds.access_token;\nvar device_id = flow.get(\"device_id\");\nvar t = msg.time;\nvar client_id  = flow.get(\"tuya_client_id\");\nvar token = access_token;\nvar method = \"GET\";\nvar sign_url = \"/v2.0/cloud/thing/\"+device_id;\nvar content_hash = \"e3b0c44298fc1c149afbf4c8996fb92427ae41e4649b934ca495991b7852b855\";\nvar string_to_sign = method+\"\\n\"+content_hash+\"\\n\"+\"\"+\"\\n\"+sign_url;\nvar signStr = client_id+token+t+string_to_sign;\n\nmsg.payload = signStr;\nmsg.time = msg.time;\n\nreturn msg;",
        "outputs": 1,
        "noerr": 0,
        "initialize": "",
        "finalize": "",
        "libs": [],
        "x": 260,
        "y": 460,
        "wires": [
            [
                "c61c5f8a99939e58"
            ]
        ]
    },
    {
        "id": "3716b37d33f882dc",
        "type": "comment",
        "z": "ad03aff2b2d1e709",
        "name": "Get Device Details V2.0 (Query_device_details)",
        "info": "Get info about a device. \nYou get category, local_key, etc.\n\nnote:\n- To change the device, update the `device_id` in 'Settings: CLICK *On Start* TAB' node, and deploy.\n\n\nTuya API reference:\nhttps://developer.tuya.com/en/docs/cloud/3829469013?id=Kcp2l2v9wma0m",
        "x": 200,
        "y": 420,
        "wires": []
    },
    {
        "id": "c61c5f8a99939e58",
        "type": "hmac",
        "z": "ad03aff2b2d1e709",
        "name": "Sign signStr with secret",
        "algorithm": "HmacSHA256",
        "key": "secretKey",
        "x": 490,
        "y": 460,
        "wires": [
            [
                "e32d9fb6c34ad893"
            ]
        ]
    },
    {
        "id": "27038843f80d14f0",
        "type": "debug",
        "z": "ad03aff2b2d1e709",
        "name": "debug 10",
        "active": true,
        "tosidebar": true,
        "console": false,
        "tostatus": false,
        "complete": "true",
        "targetType": "full",
        "statusVal": "",
        "statusType": "auto",
        "x": 1140,
        "y": 460,
        "wires": []
    },
    {
        "id": "cb3079ba45c0ddc5",
        "type": "comment",
        "z": "ad03aff2b2d1e709",
        "name": "EXAMPLES WITHOUT BODY",
        "info": "",
        "x": 340,
        "y": 360,
        "wires": []
    },
    {
        "id": "317bcc366d33665d",
        "type": "comment",
        "z": "ad03aff2b2d1e709",
        "name": "EXAMPLES WITH BODY (on input node)",
        "info": "",
        "x": 340,
        "y": 940,
        "wires": []
    },
    {
        "id": "4c22ed80c4192943",
        "type": "function",
        "z": "ad03aff2b2d1e709",
        "name": "",
        "func": "var device_id = flow.get(\"device_id\");\nvar url = \"https://openapi.tuyaeu.com/v2.0/cloud/space/child\";\nvar t = msg.time;\nvar method = \"GET\";\nvar client_id  = flow.get(\"tuya_client_id\");\nvar creds = flow.get(\"tuya\");\nvar token = creds.access_token;\nvar sign = msg.payload;\nmsg.headers ={\n \"sign_method\": \"HMAC-SHA256\",\n \"client_id\" : client_id,\n \"t\": t.toString(),\n \"mode\" : \"cors\",\n \"Content-Type\": \"application/json\",\n \"sign\": sign.toUpperCase(),\n \"access_token\" : token\n },\n msg.payload = '';\n msg.url = url;\n msg.method = \"GET\";\nreturn msg;",
        "outputs": 1,
        "noerr": 0,
        "initialize": "",
        "finalize": "",
        "libs": [],
        "x": 740,
        "y": 1360,
        "wires": [
            [
                "b70705cf41735256"
            ]
        ]
    },
    {
        "id": "b70705cf41735256",
        "type": "http request",
        "z": "ad03aff2b2d1e709",
        "name": "",
        "method": "use",
        "ret": "obj",
        "paytoqs": "ignore",
        "url": "",
        "tls": "",
        "persist": false,
        "proxy": "",
        "authType": "",
        "x": 910,
        "y": 1360,
        "wires": [
            [
                "64df26fb2221c0db"
            ]
        ]
    },
    {
        "id": "6a1bd7094ebbdcf1",
        "type": "inject",
        "z": "ad03aff2b2d1e709",
        "name": "",
        "props": [
            {
                "p": "time",
                "v": "",
                "vt": "date"
            },
            {
                "p": "topic",
                "vt": "str"
            }
        ],
        "repeat": "",
        "crontab": "",
        "once": false,
        "onceDelay": 0.1,
        "topic": "",
        "x": 75,
        "y": 1360,
        "wires": [
            [
                "4fd57177aa65d3c3"
            ]
        ],
        "l": false
    },
    {
        "id": "4fd57177aa65d3c3",
        "type": "function",
        "z": "ad03aff2b2d1e709",
        "name": "Create signStr",
        "func": "var creds = flow.get(\"tuya\");\nvar access_token = creds.access_token;\nvar device_id = flow.get(\"device_id\");\nvar t = msg.time;\nvar client_id  = flow.get(\"tuya_client_id\");\nvar token = access_token;\nvar method = \"GET\";\nvar sign_url = \"/v2.0/cloud/space/child\";\nvar content_hash = \"e3b0c44298fc1c149afbf4c8996fb92427ae41e4649b934ca495991b7852b855\";\nvar string_to_sign = method+\"\\n\"+content_hash+\"\\n\"+\"\"+\"\\n\"+sign_url;\nvar signStr = client_id+token+t+string_to_sign;\n\nmsg.payload = signStr;\nmsg.time = msg.time;\n\nreturn msg;",
        "outputs": 1,
        "noerr": 0,
        "initialize": "",
        "finalize": "",
        "libs": [],
        "x": 280,
        "y": 1360,
        "wires": [
            [
                "47d27daaeb6e3a69"
            ]
        ]
    },
    {
        "id": "186d8418ef5150c4",
        "type": "comment",
        "z": "ad03aff2b2d1e709",
        "name": "SPACE LIST V2.0 (Query_Space_List)",
        "info": "GET the the list of spaces (homes)\n\nnote:\n- to get all `space_id`, used in the next query.\n \n\nTuya API reference:\nhttps://developer.tuya.com/en/docs/cloud/6c61ea86c6?id=Kcp2kvgpl7bqr",
        "x": 190,
        "y": 1320,
        "wires": []
    },
    {
        "id": "47d27daaeb6e3a69",
        "type": "hmac",
        "z": "ad03aff2b2d1e709",
        "name": "Sign signStr with secret",
        "algorithm": "HmacSHA256",
        "key": "secretKey",
        "x": 510,
        "y": 1360,
        "wires": [
            [
                "4c22ed80c4192943"
            ]
        ]
    },
    {
        "id": "64df26fb2221c0db",
        "type": "debug",
        "z": "ad03aff2b2d1e709",
        "name": "debug 11",
        "active": true,
        "tosidebar": true,
        "console": false,
        "tostatus": false,
        "complete": "true",
        "targetType": "full",
        "statusVal": "",
        "statusType": "auto",
        "x": 1160,
        "y": 1360,
        "wires": []
    },
    {
        "id": "0a87ae2aa36fee37",
        "type": "comment",
        "z": "ad03aff2b2d1e709",
        "name": "SPACE MANAGEMENT",
        "info": "",
        "x": 290,
        "y": 1260,
        "wires": []
    },
    {
        "id": "9ddd076be5ae06c3",
        "type": "function",
        "z": "ad03aff2b2d1e709",
        "name": "",
        "func": "\nvar space_id = 123456789;  // from SPACE LIST response\n\nvar url = \"https://openapi.tuyaeu.com/v2.0/cloud/scene/rule?space_id=\" + space_id;\nvar t = msg.time;\nvar method = \"GET\";\nvar client_id  = flow.get(\"tuya_client_id\");\nvar creds = flow.get(\"tuya\");\nvar token = creds.access_token;\nvar sign = msg.payload;\nmsg.headers ={\n \"sign_method\": \"HMAC-SHA256\",\n \"client_id\" : client_id,\n \"t\": t.toString(),\n \"mode\" : \"cors\",\n \"Content-Type\": \"application/json\",\n \"sign\": sign.toUpperCase(),\n \"access_token\" : token\n },\n msg.payload = '';\n msg.url = url;\n msg.method = \"GET\";\nreturn msg;",
        "outputs": 1,
        "noerr": 0,
        "initialize": "",
        "finalize": "",
        "libs": [],
        "x": 740,
        "y": 1540,
        "wires": [
            [
                "c656a4db2fe5720a"
            ]
        ]
    },
    {
        "id": "c656a4db2fe5720a",
        "type": "http request",
        "z": "ad03aff2b2d1e709",
        "name": "",
        "method": "use",
        "ret": "obj",
        "paytoqs": "ignore",
        "url": "",
        "tls": "",
        "persist": false,
        "proxy": "",
        "authType": "",
        "x": 910,
        "y": 1540,
        "wires": [
            [
                "1d82deeb846de7ae"
            ]
        ]
    },
    {
        "id": "c2f7962402947c3d",
        "type": "inject",
        "z": "ad03aff2b2d1e709",
        "name": "",
        "props": [
            {
                "p": "time",
                "v": "",
                "vt": "date"
            },
            {
                "p": "topic",
                "vt": "str"
            }
        ],
        "repeat": "",
        "crontab": "",
        "once": false,
        "onceDelay": 0.1,
        "topic": "",
        "x": 75,
        "y": 1540,
        "wires": [
            [
                "826da44df23e1df5"
            ]
        ],
        "l": false
    },
    {
        "id": "826da44df23e1df5",
        "type": "function",
        "z": "ad03aff2b2d1e709",
        "name": "Create signStr",
        "func": "var creds = flow.get(\"tuya\");\nvar access_token = creds.access_token;\nvar device_id = flow.get(\"device_id\");\nvar t = msg.time;\nvar client_id  = flow.get(\"tuya_client_id\");\nvar space_id = 123456789;\nvar token = access_token;\nvar method = \"GET\";\nvar sign_url = \"/v2.0/cloud/scene/rule?space_id=\" + space_id;\nvar content_hash = \"e3b0c44298fc1c149afbf4c8996fb92427ae41e4649b934ca495991b7852b855\";\nvar string_to_sign = method+\"\\n\"+content_hash+\"\\n\"+\"\"+\"\\n\"+sign_url;\nvar signStr = client_id+token+t+string_to_sign;\n\nmsg.payload = signStr;\nmsg.time = msg.time;\n\nreturn msg;",
        "outputs": 1,
        "noerr": 0,
        "initialize": "",
        "finalize": "",
        "libs": [],
        "x": 280,
        "y": 1540,
        "wires": [
            [
                "69f3b627b127e3f5"
            ]
        ]
    },
    {
        "id": "da316d3a673a4bce",
        "type": "comment",
        "z": "ad03aff2b2d1e709",
        "name": "RULE LIST V2.0 (page 1: 0..19) (Query_Linkage_Rules)",
        "info": "GEL a list of rules in the space\n\nnotes:\n- Update the `space_id` var, in _Create signStr_ function node AND update it also in second `function` node.\n- You get a list of rule id, used in next query.\n\n\n\nTuya API Reference:\nhttps://developer.tuya.com/en/docs/cloud/d7785d8964?id=Kcp2l4i0bo315",
        "x": 240,
        "y": 1500,
        "wires": []
    },
    {
        "id": "69f3b627b127e3f5",
        "type": "hmac",
        "z": "ad03aff2b2d1e709",
        "name": "Sign signStr with secret",
        "algorithm": "HmacSHA256",
        "key": "secretKey",
        "x": 510,
        "y": 1540,
        "wires": [
            [
                "9ddd076be5ae06c3"
            ]
        ]
    },
    {
        "id": "1d82deeb846de7ae",
        "type": "debug",
        "z": "ad03aff2b2d1e709",
        "name": "debug 12",
        "active": true,
        "tosidebar": true,
        "console": false,
        "tostatus": false,
        "complete": "true",
        "targetType": "full",
        "statusVal": "",
        "statusType": "auto",
        "x": 1160,
        "y": 1540,
        "wires": []
    },
    {
        "id": "27c3f61f17c838f7",
        "type": "comment",
        "z": "ad03aff2b2d1e709",
        "name": "EXAMPLES AUTOMATION ",
        "info": "",
        "x": 300,
        "y": 1440,
        "wires": []
    },
    {
        "id": "0f5e4e511cc9abb3",
        "type": "function",
        "z": "ad03aff2b2d1e709",
        "name": "",
        "func": "\nvar rule_id = \"Qk4cp***\";  // from RULE LIST response\n\nvar url = \"https://openapi.tuyaeu.com/v2.0/cloud/scene/rule/\" + rule_id;\nvar t = msg.time;\nvar method = \"GET\";\nvar client_id  = flow.get(\"tuya_client_id\");\nvar creds = flow.get(\"tuya\");\nvar token = creds.access_token;\nvar sign = msg.payload;\nmsg.headers ={\n \"sign_method\": \"HMAC-SHA256\",\n \"client_id\" : client_id,\n \"t\": t.toString(),\n \"mode\" : \"cors\",\n \"Content-Type\": \"application/json\",\n \"sign\": sign.toUpperCase(),\n \"access_token\" : token\n },\n msg.payload = '';\n msg.url = url;\n msg.method = \"GET\";\nreturn msg;",
        "outputs": 1,
        "noerr": 0,
        "initialize": "",
        "finalize": "",
        "libs": [],
        "x": 740,
        "y": 1640,
        "wires": [
            [
                "ef7f3aa23cf7f22c"
            ]
        ]
    },
    {
        "id": "ef7f3aa23cf7f22c",
        "type": "http request",
        "z": "ad03aff2b2d1e709",
        "name": "",
        "method": "use",
        "ret": "obj",
        "paytoqs": "ignore",
        "url": "",
        "tls": "",
        "persist": false,
        "proxy": "",
        "authType": "",
        "x": 910,
        "y": 1640,
        "wires": [
            [
                "fb7bd35a77d8fcbb"
            ]
        ]
    },
    {
        "id": "0355e99b78dd4741",
        "type": "inject",
        "z": "ad03aff2b2d1e709",
        "name": "",
        "props": [
            {
                "p": "time",
                "v": "",
                "vt": "date"
            },
            {
                "p": "topic",
                "vt": "str"
            }
        ],
        "repeat": "",
        "crontab": "",
        "once": false,
        "onceDelay": 0.1,
        "topic": "",
        "x": 75,
        "y": 1640,
        "wires": [
            [
                "21ac7be1aa4d8578"
            ]
        ],
        "l": false
    },
    {
        "id": "21ac7be1aa4d8578",
        "type": "function",
        "z": "ad03aff2b2d1e709",
        "name": "Create signStr",
        "func": "var creds = flow.get(\"tuya\");\nvar access_token = creds.access_token;\nvar device_id = flow.get(\"device_id\");\nvar t = msg.time;\nvar client_id  = flow.get(\"tuya_client_id\");\nvar rule_id = \"Qk4Pc***\";\nvar token = access_token;\nvar method = \"GET\";\nvar sign_url = \"/v2.0/cloud/scene/rule/\" + rule_id;\nvar content_hash = \"e3b0c44298fc1c149afbf4c8996fb92427ae41e4649b934ca495991b7852b855\";\nvar string_to_sign = method+\"\\n\"+content_hash+\"\\n\"+\"\"+\"\\n\"+sign_url;\nvar signStr = client_id+token+t+string_to_sign;\n\nmsg.payload = signStr;\nmsg.time = msg.time;\n\nreturn msg;",
        "outputs": 1,
        "noerr": 0,
        "initialize": "",
        "finalize": "",
        "libs": [],
        "x": 280,
        "y": 1640,
        "wires": [
            [
                "c1e3c4dd562f3522"
            ]
        ]
    },
    {
        "id": "dd0c7b4f1d8ed9eb",
        "type": "comment",
        "z": "ad03aff2b2d1e709",
        "name": "RULE DETAILS  v2.0 (Get_Libkage_Rule_Details)",
        "info": "GET the rule definition.\n\nnotes:\n- Update the `rule_id` var, in _Create signStr_ function node AND update it also in second `function` node.\n\n\n\nTuya API Reference:\nhttps://developer.tuya.com/en/docs/cloud/fbc9adfd8a?id=Kcp2l46axakps",
        "x": 220,
        "y": 1600,
        "wires": []
    },
    {
        "id": "c1e3c4dd562f3522",
        "type": "hmac",
        "z": "ad03aff2b2d1e709",
        "name": "Sign signStr with secret",
        "algorithm": "HmacSHA256",
        "key": "secretKey",
        "x": 510,
        "y": 1640,
        "wires": [
            [
                "0f5e4e511cc9abb3"
            ]
        ]
    },
    {
        "id": "fb7bd35a77d8fcbb",
        "type": "debug",
        "z": "ad03aff2b2d1e709",
        "name": "debug 13",
        "active": true,
        "tosidebar": true,
        "console": false,
        "tostatus": false,
        "complete": "true",
        "targetType": "full",
        "statusVal": "",
        "statusType": "auto",
        "x": 1160,
        "y": 1640,
        "wires": []
    }
]