      {
         "name": "device-unique-user-name",
         "cid": "device-cid",
         "gateway": "gateway-id",
         "power": "AC",
         "capability": ["SET","GET","REFRESH"],
         "dps": [
            {
               "dp": "_clock",
               "type": "string"
            },
            {
               "dp": "_count",
               "capability": "PUSH"
            },
            {
               "dp": "_countdown",
               "capability": "PUSH"
            },
            {
               "dp": "_end",
               "capability": "WO"
            },
            {
               "dp": "_go",
               "capability": "WO"
            },
            {
               "dp": "_info",
               "capability": "PUSH"
            },
            {
               "dp": "_led",
               "capability": "PUSH"
            },
            {
               "dp": "_mode"
            },
            {
               "dp": "_off",
               "capability": "WO"
            },
            {
               "dp": "_OFFtime",
               "type": "int"
            },
            {
               "dp": "_ONtime",
               "type": "int"
            },
            {
               "dp": "_PDM",
               "type": "int"
            },
            {
               "dp": "_pssw",
               "capability": "PUSH"
            },
            {
               "dp": "_refresh",
               "capability": "WO"
            },
            {
               "dp": "_refreshCycle",
               "type": "int"
            },
            {
               "dp": "_send",
               "capability": "WO"
            },
            {
               "dp": "_ssid",
               "capability": "PUSH",
               "type": "string"
            },
            {
               "dp": "_startTime",
               "type": "string"
            },
            {
               "dp": "_switch",
               "capability": "PUSH",
               "typefield": "BOOLEANONOFF"
            },
            {
               "dp": "_timezone",
               "type": "int"
            }
         ]
      },
