      {
         "name": "device-unique-user-name",
         "id": "device-id",
         "power": "AC",
         "capability": ["GET","SCHEMA"],
         "dps": [
            {
               "dp": 2,
               "name": "Cumulative_kWh",
               "capability": "RO",
               "typefield": "INTE2FLOAT"
            },
            {
               "dp": 10,
               "name": "out_W",
               "capability": "RO",
               "typefield": "BYTESMALLFLOAT"
            },
            {
               "dp": 15,
               "name": "Model",
               "capability": "RO",
               "type": "string"
            },
            {
               "dp": 16,
               "name": "HW_ID",
               "capability": "RO",
               "type": "string"
            },
            {
               "dp": 102,
               "name": "DC_I",
               "capability": "RO",
               "typefield": "INTE2FLOAT"
            },
            {
               "dp": 103,
               "name": "DC_V",
               "capability": "RO",
               "typefield": "BYTESMALLFLOAT"
            },
            {
               "dp": 104,
               "name": "AC_V",
               "capability": "RO",
               "typefield": "BYTESMALLFLOAT"
            },
            {
               "dp": 105,
               "name": "AC_I",
               "capability": "RO",
               "typefield": "INTE2FLOAT"
            }
         ]
      },
