      {
         "device": "dimmer01",
         "power": "AC",
         "capability": ["SET","GET","SCHEMA"],
         "dps": [
            {
               "dp": 1,
               "name": "switch",
               "typefield": "BOOLEANONOFF"
            },
            {
               "dp": 2,
               "name": "brightness"
            },
            {
               "dp": 3,
               "name": "min-brightness"
            },
            {
               "dp": 4,
               "name": "light type",
               "type": "string"
            },
            {
               "dp": 5,
               "name": "max-brightness"
            },
            {
               "dp": 6,
               "name": "countdown"
            },
            {
               "dp": 14,
               "name": "power-on",
               "type": "string"
            }
         ]
      }
