      {
         "name": "device-unique-user-name",
         "id": "device-id",
         "power": "AC",
         "dps": [
            {
               "dp": 1,
               "name": "relay",
               "capability": "WW",
               "typefield": "BOOLEANONOFF"
            },
            {
               "dp": 9,
               "name": "countdown",
               "capability": "WW",
               "type": "int",
               "comment_01": "Values: 0..86500 s (24H max.)"
            },
            {
               "dp": 38,
               "name": "restart status",
               "capability": "WW",
               "type": "string",
               "comment_01": "Values: off|on|memory"
            },
            {
               "dp": 40,
               "name": "light mode",
               "capability": "WW",
               "type": "string",
               "comment_01": "Values: pos|none|relay"
            },
            {
               "dp": 41,
               "name": "child lock",
               "capability": "WW",
               "typefield": "BOOLEANONOFF"
            },
            {
               "dp": 42,
               "name": "circulate",
               "capability": "WW",
               "typefield": "STRUCTREPEAT"
            },
            {
               "dp": 43,
               "name": "random",
               "capability": "WW",
               "typefield": "STRUCTRAND"
            },
            {
               "dp": 44,
               "name": "inching",
               "capability": "WW",
               "typefield": "STRUCTINCH"
            }
         ]
      },
