      {
         "name": "device-unique-user-name",
         "id": "device-id",
         "power": "AC",
         "capability": ["SET","GET"],
         "dps": [
            {
               "dp": 1,
               "name": "switch",
               "capability": "WW",
               "typefield": "BOOLEANONOFF"
            },
            {
               "dp": 101,
               "name": "on reset",
               "capability": "WW",
               "typefield": "ENUMONOFFHOLD"
            },
            {
               "dp": 102,
               "name": "countdown",
               "capability": "TRG",
               "type": "int",
               "comment_01": "Values: 0..86500 s  (24H max.)"
            }
         ]
      }
