      {
         "name": "device-unique-user-name",
         "cid": "device-cid",
         "gateway": "gateway-id",
         "power": "BAT",
         "capability": ["SET"],
         "dps": [
            {
               "dp": 1,
               "name": "button1",
               "capability": "SKIP"
            },
            {
               "dp": 2,
               "name": "button2",
               "capability": "SKIP"
            },
            {
               "dp": 3,
               "name": "button3",
               "capability": "SKIP"
            },
            {
               "dp": 10,
               "name": "battery",
               "capability": "PUSH"
            }
         ]
      },
