      {
         "name": "device-unique-user-name",
         "id": "device-id",
         "power": "BAT",
         "capability": ["SET"],
         "dps": [
            {
               "dp": 1800,
               "name": "alarm",
               "capability": "PUSH",
               "type": "string",
               "comment_01": "Values: 'ON'|'OFF'"
            },
            {
               "dp": 1820,
               "name": "battery",
               "capability": "PUSH",
               "type": "string",
               "comment_01": "Values: 'OK'|'LOW'"
            },
            {
               "dp": 1840,
               "name": "silence",
               "capability": "WO",
               "type": "string",
               "comment_01": "Values:  'ON'|'OFF'"
            }
         ]
      },
