      {
         "device": "Smoke_Detector",
         "power": "BAT",
         "capability": ["SET"],
         "dps": [
            {
               "dp": 30030,
               "name": "alarm",
               "capability": "PUSH"
            },
            {
               "dp": 30170,
               "name": "battery",
               "capability": "PUSH"
            },
            {
               "dp": 30310,
               "name": "silence",
               "capability": "PUSH"
            },
            {
               "dp": 50050,
               "name": "set_silence",
               "capability": "WO"
            }
         ]
      }
