      {
         "device": "Smoke_Detector",
         "power": "BAT",
         "dps": [
             {
               "dp": "_silenceTRG",
               "name": "silence",
               "capability": "WO",
               "type": "string",
			   "share": [
                        {
                            "action": [
                                {
                                    "device": "tuya_bridge",
                                    "property": "_trigger",
                                    "value": "50050"
                                }
                            ]
                        }
                    ]

            },
            {
               "dp": 1,
               "name": "smoke_sensor_state",
               "capability": "SKIP",
               "type": "enum"
            },
            {
               "dp": 2,
               "name": "smoke_sensor_value",
               "capability": "SKIP",
               "typefield": "BYTESMALLFLOAT"
            },
            {
               "dp": 11,
               "name": "fault",
               "capability": "SKIP",
               "type": "enum"
            },
            {
               "dp": 14,
               "name": "battery_state",
               "capability": "SKIP",
               "type": "string"
            },
            {
               "dp": 15,
               "name": "battery_percentage",
               "capability": "SKIP",
               "type": "int"
            },
            {
               "dp": 16,
               "name": "muffling",
               "capability": "SKIP",
               "type": "boolean"
            },
            {
               "dp": 101,
               "name": "test",
               "capability": "SKIP",
               "type": "boolean"
            }
         ]
      }
