      {
         "device": "BreakerDIN",
         "power": "AC",
         "capability": ["REFRESH","ALL"],
         "dps": [
            {
               "dp": 1,
               "name": "total_ene",
               "capability": "PUSH",
               "typefield": "INTE2FLOAT"
            },
            {
               "dp": 6,
               "name": "phaseA",
               "capability": "PUSH",
               "typefield": "STRUCTELERT"
            },
            {
               "dp": 7,
               "name": "phaseB",
               "capability": "PUSH",
               "type": "binary"
            },
            {
               "dp": 8,
               "name": "phaseC",
               "capability": "PUSH",
               "type": "binary"
            },
            {
               "dp": 9,
               "name": "fault value?",
               "capability": "WW",
               "type": "int"
            },
            {
               "dp": 11,
               "name": "prepayment",
               "capability": "WW",
               "type": "boolean"
            },
            {
               "dp": 12,
               "name": "clear energy",
               "capability": "WW",
               "type": "boolean"
            },
            {
               "dp": 13,
               "name": "balance_ene",
               "capability": "GW",
               "typefield": "INTE2FLOAT"
            },
            {
               "dp": 14,
               "name": "charge_ene",
               "capability": "WW",
               "typefield": "INTE2FLOAT"
            },
            {
               "dp": 16,
               "name": "switch",
               "capability": "WW",
               "typefield": "BOOLEANONOFF"
            },
            {
               "dp": 19,
               "name": "Breaker_ID",
               "capability": "GW",
               "type": "string"
            },
            {
               "dp": 101,
               "name": "overvoltage",
               "capability": "WW",
               "type": "int"
            },
            {
               "dp": 102,
               "name": "undervoltage",
               "capability": "WW",
               "type": "int"
            },
            {
               "dp": 103,
               "name": "overcurrent",
               "capability": "WW",
               "type": "int"
            },
            {
               "dp": 104,
               "name": "leakage",
               "capability": "WW",
               "type": "int"
            },
            {
               "dp": 105,
               "name": "mute mode",
               "capability": "WW",
               "type": "boolean"
            },
            {
               "dp": 106,
               "name": "trip mode",
               "capability": "WW",
               "type": "boolean"
            }
         ]
      }
