      {
         "name": "device-unique-user-name",
         "id": "device-id",
         "power": "AC",
         "dps": [
            {
               "dp": 1,
               "name": "relay",
               "capability": "WW",
               "typefield": "BOOLEANONOFF"
            },
            {
               "dp": 7,
               "name": "countdown",
               "capability": "WW",
               "type": "int",
               "comment_01": "Values: 0..86500 s  (24H max.)"
            },
            {
               "dp": 14,
               "name": "restart status",
               "capability": "WW",
               "type": "string",
               "comment_01": "Values: 'off'|'on'|'memory'"
            },
            {
               "dp": 15,
               "name": "light mode",
               "capability": "WW",
               "type": "string",
               "comment_01": "Values: 'pos'|'none'|'relay'"
            },
            {
               "dp": 16,
               "name": "backlight",
               "capability": "WW",
               "type": "boolean",
               "comment_01": "Values: true|false "
            },
            {
               "dp": 17,
               "name": "unknown2",
               "capability": "WW"
            },
            {
               "dp": 18,
               "name": "unknown3",
               "capability": "WW"
            },
            {
               "dp": 19,
               "name": "inching",
               "capability": "WW",
               "type": "string",
               "comment_01": "Values: 'AQAC'|'AAAC' =  'ON'|'OFF' ?"
            }
         ]
      },
