      {
         "name": "device-unique-user-name",
         "cid": "device-cid",
         "gateway": "gateway-id",
         "device": "watering_timer",
         "power": "BAT",
         "dps": [
            {
               "dp": 1,
               "name": "Switch",
               "type": "boolean"
            },
            {
               "dp": 2,
               "name": "Start",
               "type": "boolean"
            },
            {
               "dp": 101,
               "name": "Last irrigation time",
               "capability": "RO",
               "type": "string"
            },
            {
               "dp": 102,
               "name": "Next irrigation time",
               "capability": "RO",
               "type": "string"
            },
            {
               "dp": 103,
               "name": "Number of times"
            },
            {
               "dp": 104,
               "name": "Duration",
               "type": "int"
            },
            {
               "dp": 105,
               "name": "Irrigation interval",
               "type": "int"
            },
            {
               "dp": 106,
               "name": "Temperature"
            },
            {
               "dp": 107,
               "name": "Smart weather",
               "type": "string"
            },
            {
               "dp": 108,
               "name": "Battery charge",
               "capability": "RO"
            },
            {
               "dp": 109,
               "name": "Cyclic irrigation parameters",
               "typefield": "STRUCTREPEAT"
            },
            {
               "dp": 110,
               "name": "Cumulative duration"
            },
            {
               "dp": 111,
               "name": "Cumulative volume"
            },
            {
               "dp": 112,
               "name": "Other extensions"
            },
            {
               "dp": 113,
               "name": "Timing function ?"
            },
            {
               "dp": 114,
               "name": "Statistical function",
               "capability": "RO"
            },
            {
               "dp": 115,
               "name": "Time zone",
               "capability": "WO"
            }
         ]
      },
