      {
         "name": "device-unique-user-name",
         "cid": "device-cid",
         "gateway": "gateway-id",
         "device": "soil_flora",
         "power": "BAT",
         "capability": ["SET","GET"],
         "dps": [
            {
               "dp": 3,
               "name": "Humidity",
               "capability": "RO"
            },
            {
               "dp": 5,
               "name": "Temperature(C)",
               "capability": "RO"
            },
            {
               "dp": 6,
               "name": "Sunlight(LUX)",
               "capability": "RO"
            },
            {
               "dp": 9,
               "name": "Temp unit convert"
            },
            {
               "dp": 15,
               "name": "Battery level",
               "capability": "RO"
            },
            {
               "dp": 101,
               "name": "EC",
               "capability": "RO"
            },
            {
               "dp": 102,
               "name": "Curve switching",
               "type": "int"
            },
            {
               "dp": 103,
               "name": "Temperature(F)",
               "capability": "RO"
            },
            {
               "dp": 104,
               "name": "find device"
            },
            {
               "dp": 105,
               "name": "Sunlight(PAR)",
               "capability": "RO"
            },
            {
               "dp": 106,
               "name": "Light unit convert"
            },
            {
               "dp": 107,
               "name": "Synchronize historical data",
               "capability": "RO",
               "type": "int"
            },
            {
               "dp": 108,
               "name": "Change Control"
            }
         ]
      },
