      {
         "name": "device-unique-user-name",
         "cid": "device-cid",
         "gateway": "gateway-id",
         "power": "AC",
         "capability": ["SET","GET","MULTIPLE"],
         "dps": [
            {
               "dp": 103,
               "name": "upside down",
               "capability": "WO",
               "type": "boolean"
            },
            {
               "dp": 104,
               "name": "timestamp",
               "capability": "WO",
               "type": "boolean"
            },
            {
               "dp": 106,
               "name": "sensibilit\u00e0 movimento",
               "capability": "WO",
               "typefield": "ENUMHIGHGOODLOW"
            },
            {
               "dp": 109,
               "name": "SD status",
               "capability": "GW",
               "typefield": "SDSPACES"
            },
            {
               "dp": 110,
               "name": "mode",
               "capability": "PUSH",
               "type": "string"
            },
            {
               "dp": 111,
               "name": "start SD format",
               "capability": "WO",
               "type": "int"
            },
            {
               "dp": 117,
               "name": "SD format progress",
               "capability": "PUSH",
               "type": "int"
            },
            {
               "dp": 134,
               "name": "rilevazione movimento",
               "capability": "WO",
               "typefield": "BOOLEANONOFF"
            },
            {
               "dp": 151,
               "name": "recording",
               "capability": "WO",
               "typefield": "RECMODE"
            }
         ]
      },
