      {
         "name": "device-unique-user-name",
         "id": "device-id",
         "power": "UPS",
         "capability": ["SET"],
         "dps": [
            {
               "dp": 1800,
               "name": "alarmSwitch",
               "capability": "WO",
               "type": "string",
               "comment_01": "Values: 'ON'|'OFF'"
            },
            {
               "dp": 1820,
               "name": "battery",
               "capability": "PUSH",
               "type": "string",
               "comment_01": "Values: 'OK'(default)|'LOW'"
            },
            {
               "dp": 1830,
               "name": "setup",
               "capability": "WO",
               "type": "string",
               "comment_01": "Values: 'alarm'|(more todo)"
            }
         ]
      }
