      {
         "name": "device-unique-user-name",
         "id": "device-id",
         "power": "UPS",
         "capability": ["REFRESH","ALL"],
         "dps": [
            {
               "dp": 101,
               "name": "battery",
               "capability": "GW",
               "type": "enum"
            },
            {
               "dp": 102,
               "name": "type",
               "capability": "WW",
               "type": "string"
            },
            {
               "dp": 103,
               "name": "duration",
               "capability": "WW",
               "type": "int"
            },
            {
               "dp": 104,
               "name": "alarm",
               "capability": "WW",
               "typefield": "BOOLEANONOFF"
            }
         ]
      },
