      {
         "name": "device-unique-user-name",
         "id": "device-id",
         "power": "UPS",
         "dps": [
            {
               "dp": 101,
               "name": "battery",
               "capability": "RO",
               "type": "enum",
               "comment_01": "Values: 0..5 ?? = AC FULL|HIGHT |MEDIUM|LOW|BAD ??"
            },
            {
               "dp": 102,
               "name": "type",
               "type": "string",
               "comment_01": "Values: '1'..'10'"
            },
            {
               "dp": 103,
               "name": "duration",
               "type": "int",
               "comment_01": "Values: 0..60 s"
            },
            {
               "dp": 104,
               "name": "alarm",
               "typefield": "BOOLEANONOFF"
            }
         ]
      },
