      {
         "name": "device-unique-user-name",
         "id": "device-id",
         "power": "AC",
         "capability": ["REFRESH","ALL"],
         "dps": [
            {
               "dp": 1,
               "name": "switch",
               "capability": "WW",
               "typefield": "BOOLEANONOFF"
            },
            {
               "dp": 9,
               "name": "countdown",
               "capability": "WW",
               "type": "int"
            },
            {
               "dp": 17,
               "name": "unknown17",
               "capability": "WW"
            },
            {
               "dp": 18,
               "name": "current",
               "capability": "GW",
               "type": "int"
            },
            {
               "dp": 19,
               "name": "power",
               "capability": "GW",
               "typefield": "BYTESMALLFLOAT"
            },
            {
               "dp": 20,
               "name": "voltage",
               "capability": "GW",
               "typefield": "BYTESMALLFLOAT"
            },
            {
               "dp": 21,
               "name": "test flag",
               "capability": "WW"
            },
            {
               "dp": 22,
               "name": "voltage coefficient",
               "capability": "WW"
            },
            {
               "dp": 23,
               "name": "current coefficient",
               "capability": "WW"
            },
            {
               "dp": 24,
               "name": "power coefficient",
               "capability": "WW"
            },
            {
               "dp": 25,
               "name": "statistics coefficient",
               "capability": "WW"
            },
            {
               "dp": 26,
               "name": "warning",
               "capability": "GW",
               "type": "string"
            },
            {
               "dp": 38,
               "name": "on reset",
               "capability": "WW",
               "type": "string"
            },
            {
               "dp": 41,
               "name": "circulate",
               "capability": "WW",
               "typefield": "STRUCTREPEAT"
            },
            {
               "dp": 42,
               "name": "random",
               "capability": "WW",
               "typefield": "STRUCTRAND"
            },
            {
               "dp": 46,
               "name": "owercharge",
               "capability": "WW",
               "typefield": "BOOLEANONOFF"
            }
         ]
      },
