      {
         "name": "device-unique-user-name",
         "id": "device-id",
         "device": "LightSensor",
         "power": "AC",
         "capability": ["SET","GET","SCHEMA"],
         "dps": [
            {
               "dp": 6,
               "name": "state",
               "capability": "RO",
               "type": "string"
            },
            {
               "dp": 7,
               "name": "lux",
               "capability": "RO",
               "type": "int"
            },
            {
               "dp": 101,
               "name": "findme",
               "type": "boolean"
            }
         ]
      },
