{
	"dps": [
	"comment": "Only merge this and the next dp to Switch used",
		{
			"dp": "_testPing24H",
			"comment": "NO code implementation, only 'share'",
			"capability": "SKIP",
			"share": [
				{
					"test": [
						"msg.info.value.count > 0"
					],
					"action": [
						{
						    "property": "_tstPing",
							"value": true
						},
						{
							"device": "_system",
							"property": "_timerON",
							"value": {
								"timeout": "@msg.info.value.timeout",
								"id": "_testPing24H",
								"alarmPayload": {
	                                "comment": "default device name: '_tuya_bridge'. Can change.",
									"device": "_tuya_bridge",
									"property": "_testPing24H",
									"value": {
										"count": "@msg.info.value.count -1",
										"timeout": "@msg.info.value.timeout"
									}
								}
							}
						}
					]
				}
			]
		},
		{
			"dp": "_tstPing"
		},
	"comment": "merge ends",
	]
}