[
    {
        "id": "8c3e9565d8d016c3",
        "type": "subflow",
        "name": "REDTRG",
        "info": "Build a REDTRG SET command for the `tuya_bridge` device. \nHelper subflow, it is used in 'mirror' devices, or to send user commands to Tuya-cloud.\n\n### Parameters\n\n   <dl class=\"message-properties\">\n        <dt>TRGnumber\n            <span class=\"property-type\">integer | string | @string</span>\n        </dt>\n        <dd>  A count value used as trigger command.\n \n - Uses [late binding](https://discourse.nodered.org/t/subflows-and-configuration-late-and-runtime-parameters-binding/60042) node (extended), and accepts:\n   - early binding:  a number | string, e.g. `7140`\n   - late binding: a string starting with 'global.' | 'flow.' | 'msg.' e.g. `global.MIRRORGUARD`\n   - evalued value: a string starting with '@', e.g. `@global.get('MIRRORGUARD') + 70 * 2`\n   - runtime override: from `msg.TRGnumber` value\n        </dd>\n   </dl>\n\n### Inputs\n\nAny, used only to provoke the output or to override the parameter (`msg.TRGnumber`).\n\n### Outputs\n\nA **low level SET message** for the tuya_bridge device:\n````\n    object\n      {\n       \"payload\": {\n          \"dps\":<COUNTDP>, \n          \"set\": <TRGnumber>     \n          }}\n\n````\nIt can ben routed to `tuya_bridge_IN` input node of `core.trigger` flow.\n\n### Details\n\n- _convention_: REDTRIG nodes and related Tuya-cloud automation are named _REDTRGnnnnn_, where nnnnn is `TRGnumber`. \n\n- _hardware dependency_: the `dp` used is defined in `Global TRIGGER config` node.\n\n### References\n\nThe TRGnumber values are user defined. For the rules and the trigger values ranges, see _triggerMAP_ in `core_trigger` flow.<bR>\nSee also [trigger-info](https://github.com/msillano/tuyaDAEMON/wiki/tuyaTRIGGER-info)\n",
        "category": "",
        "in": [
            {
                "x": 60,
                "y": 80,
                "wires": [
                    {
                        "id": "02a8dc8a2d252e97"
                    }
                ]
            }
        ],
        "out": [
            {
                "x": 600,
                "y": 80,
                "wires": [
                    {
                        "id": "875d5961937e5c6c",
                        "port": 0
                    }
                ]
            }
        ],
        "env": [
            {
                "name": "TRGnumber",
                "type": "str",
                "value": "see triggerMAP",
                "ui": {
                    "type": "input",
                    "opts": {
                        "types": [
                            "str"
                        ]
                    }
                }
            }
        ],
        "meta": {},
        "color": "#A6BBCF",
        "inputLabels": [
            "any msg"
        ],
        "outputLabels": [
            "continue"
        ],
        "icon": "font-awesome/fa-arrow-right"
    },
    {
        "id": "875d5961937e5c6c",
        "type": "function",
        "z": "8c3e9565d8d016c3",
        "name": "builds  X TRIGGER",
        "func": "const triggerDP = global.get('COUNTDP');  // tuya-bridge countdown\n\nlet xvalue = flow.get(\"TRGnumber\");\n\nxvalue = Number.isInteger(xvalue)? xvalue: parseInt(xvalue);\n\n//  SET by default\nvar trig = {\n       \"payload\": {\n          \"dps\":triggerDP.toString(),   // String required\n          \"set\": xvalue                 // Integer required\n          }\n}\n\nreturn trig ;",
        "outputs": 1,
        "noerr": 0,
        "initialize": "",
        "finalize": "",
        "libs": [],
        "x": 410,
        "y": 80,
        "wires": [
            []
        ],
        "info": "Make the low level command for tuya_bridge devices"
    },
    {
        "id": "02a8dc8a2d252e97",
        "type": "function",
        "z": "8c3e9565d8d016c3",
        "name": "late binding",
        "func": "\nfunction _upadateParam(_pname){\n     var  _xvalue = env.get(_pname);\n     if (_xvalue){\n        let temp = _xvalue.toString().trim();\n        if (temp.startsWith('global.'))\n           _xvalue = global.get(temp.substring(7));\n        else if(temp.startsWith('flow.'))\n           _xvalue = flow.get(\"$parent.\"+ temp.substring(5));\n        else if(temp.startsWith('msg.'))\n           _xvalue = msg[temp.substring(4)];\n// extra eval           \n        else if(temp.startsWith('@'))\n           _xvalue = eval(temp.substring(1));\n      }\n      \n// optional: to set the parameter dynamically with a message property, same name\n      if(msg[_pname])\n           _xvalue = msg[_pname];\n           \n// save actual value in the (sub)flow context           \n      flow.set(_pname, _xvalue);\n      }\n      \n// CUSTOMIZE HERE\n// get actual values\n _upadateParam(\"TRGnumber\");\n // done\nreturn msg;\n\n",
        "outputs": 1,
        "noerr": 0,
        "initialize": "",
        "finalize": "",
        "libs": [],
        "x": 190,
        "y": 80,
        "wires": [
            [
                "875d5961937e5c6c"
            ]
        ],
        "info": "See [Subflows and configuration: late and runtime parameters binding](https://discourse.nodered.org/t/subflows-and-configuration-late-and-runtime-parameters-binding/60042)\n\nModified:\n- added evalued binding: @&lt;expression>  => eval(&lt;expression>). e.g. `@7000 + 70*2` \n- runtime override: uses `msg.TRGnumber`"
    },
    {
        "id": "ee953c15.ada29",
        "type": "subflow",
        "name": "static retry",
        "info": "Transform the `status` msg from a `tuya-smart-device` node into an _event_ message.\r\n\r\nRequired adding  a new Tuya device (alternative: `dynamic rety` subflow)\r\n\r\n### Parameters\r\n\r\n   <dl class=\"message-properties\">\r\n        <dt>deviceId\r\n            <span class=\"property-type\">string (credential)</span>\r\n        </dt>\r\n        <dd>   The ID of the wired Tuya device (same as in `core.global.alldevices`).\r\n        </dd>\r\n   </dl>\r\n\r\n### Inputs\r\n\r\n From _tuya-smart-device_ `client satus` output.\r\n\r\n### Outputs\r\n\r\n A new event message:\r\n ````\r\n  object\r\n   { \"payload\":{\r\n      \"deviceId\": <deviceID>,\r\n      \"data\": {\r\n          \"dps\":{\r\n            \"_connected\": true|false\r\n          }}}}\r\n ````\r\n \r\n It can ben routed to _logging_ input node of `core` flow.\r\n\r\n### Details\r\n\r\nProcess the `status` output from a tuya-smart-device node. If the connection status changes, it creates an event for standard logging, filtering unecessary messages.\r\n\r\nUse it with Tuya devices always ON. \r\n\r\n\r\nIf the device is disconnected, the reconnect interval, function(findTimeout, retryTimeout), is fixed. It is set in the _tuya-smart-device_ node (default) and modified with the pseudo-dp: \r\n  - SET  `_findTimeout`   Integer [ms]\r\n  - SET  `_retryTimeout`  Integer [ms]\r\n\r\n### References\r\nFor more info see [device control](https://github.com/msillano/tuyaDAEMON/wiki/ver.-2.0--milestones#devices-control)\r\n\r\n",
        "category": "",
        "in": [
            {
                "x": 80,
                "y": 80,
                "wires": [
                    {
                        "id": "6160136.f5f99ec"
                    }
                ]
            }
        ],
        "out": [
            {
                "x": 520,
                "y": 80,
                "wires": [
                    {
                        "id": "6160136.f5f99ec",
                        "port": 0
                    }
                ]
            }
        ],
        "env": [
            {
                "name": "deviceId",
                "type": "cred"
            }
        ],
        "meta": {},
        "color": "#DDAA99",
        "inputLabels": [
            "in staus"
        ],
        "outputLabels": [
            "to logging"
        ],
        "icon": "font-awesome/fa-rss-square"
    },
    {
        "id": "6160136.f5f99ec",
        "type": "function",
        "z": "ee953c15.ada29",
        "name": "connected message - static",
        "func": "// to set global.tuyasyatus.xxxx._connected \n// creates a response for the dp \"_connected\"\n// store value and filter events\n\nvar CONN = \"_connected\";  //  tuyadaemon internal define\n// see also tuyaDAEMON.\"connection check\" function\n// local function\nfunction _sendReal(idevice, value) {\n   // builds a fake OUT message \n   var newMsg = {\n      \"payload\": {\n         \"deviceId\": idevice,\n         \"data\": {\n            \"dps\": {\n               [CONN]: value\n            }\n         }\n      }\n   };\n   return newMsg;\n}\n\n// user set parameter device id (simple)\nvar deviceId = env.get(\"deviceId\");\n\nvar nowconnected;\nif ((msg.payload !== undefined) && (msg.payload.state !== undefined)) {\n   nowconnected = (msg.payload.state == \"CONNECTED\" || msg.payload.state == \"node-red:common.status.connected\");        // can change\n}\nif ((msg.status !== undefined) && (msg.status.text !== undefined)) {\n   nowconnected = (msg.status.text == \"CONNECTED\" || msg.status.text == \"node-red:common.status.connected\");        // can change\n}\nif (nowconnected == undefined) return null;\n// filering \nlet old = context.get(deviceId + \"_con\");\n// node.warn([\"STATUS \",msg, nowconnected, old]);\n\nif (old === nowconnected) return null;\ncontext.set(deviceId + \"_con\", nowconnected);\n\nreturn (_sendReal(deviceId, nowconnected));\n\n\n\n\n\n",
        "outputs": 1,
        "noerr": 0,
        "initialize": "// Code added here will be run once\n// set the default status _connected to 'none' in tuyastatus\nvar deviceId = env.get(\"deviceId\");\ncontext.set(deviceId+\"_con\",\"none\");",
        "finalize": "",
        "libs": [],
        "x": 260,
        "y": 80,
        "wires": [
            []
        ],
        "info": "Makes  the _event_ message."
    },
    {
        "id": "885794d873f674af",
        "type": "tab",
        "label": "core_TRIGGER",
        "disabled": false,
        "info": "\nA 'real' device WiFI, having  a big unused numerical parameter, say a 'counter', writable by both **Tuya-cloud** and **node-red**, is all the required hardware to implement a robust bilateral event communication (**TRIGGER**).\n\nsee: https://github.com/msillano/tuyaDAEMON/tree/main/tuyaTRIGGER/README.md\n\n### Advantages\n *   Bilateral communication between any Tuya device and tuyaDAEMON  (also for devices not compatible with 'tuya-smart-device'  node. e.g. WiFI alarms).\n *   Capability to fire any Tuya 'automation' from tuyaDAEMON, and viceversa, to control from tuya-cloud any application and custom device handled by TuyaDAEMON.\n *   Remote control (wordwide) of tuyaDAEMON.\n\n### more properties\nThis flow add, to native capabilies of the used switch ([switch-1CH](https://github.com/msillano/tuyaDAEMON/blob/main/devices/switch-1CH/device_switch-1CH.pdf)):\n\n_tstPing: to measure the TRIGGER roundtrip time, [see here](https://github.com/msillano/tuyaDAEMON/wiki/tuyaTRIGGER-info#tuyadaemon_trgping).\n\n_testPing24H: long run test, [see here](https://github.com/msillano/tuyaDAEMON/wiki/tuyaTRIGGER-info#tuyadaemon_testping24h).\n\n\n### Customization\nTo use a different hardware:\n - see: https://github.com/msillano/tuyaDAEMON/tree/main/tuyaTRIGGER/README.md\n - see wiki : https://github.com/msillano/tuyaDAEMON/wiki/tuyaTRIGGER-info\n - see node: 'triggerMAP (readme)' details.\n\n\n"
    },
    {
        "id": "16841912dc8eb04c",
        "type": "link out",
        "z": "885794d873f674af",
        "name": "to core.logging",
        "mode": "link",
        "links": [
            "6c6aa7eeeadfcbcc"
        ],
        "x": 1305,
        "y": 400,
        "wires": [],
        "icon": "node-red/arrow-in.svg"
    },
    {
        "id": "f9741682bf3b5020",
        "type": "comment",
        "z": "885794d873f674af",
        "name": "CORE TRIGGER  extension 2.2.2",
        "info": "a) Initial configuration: see `*Global TRIGGER config` node.\n\nb) TEST FLOW\nTest mini-flows are present for virtually all features.\nSee result in sidebar.\n\n### Troubleshooting ###\n\n1. _After 'Deploy' the module don't send nothing to sidebar log_\n2. _Some tests do not work at all (no log)_\n\n   _Cause_: The 'Deploy', after an 'Import', sometime (not clear why) do not set external 'link' nodes.\n\n   **Important: after 'Import' + 'Deploy' CHECK all external links nodes**. <br>\n   As help, the name of all Links shows the origin or the destination (e.g.: `from core.'to fake devices'`, `to core.'logging'`)\n\n3. _\"[startup] ERROR: not found the device_ '_tuya_bridge' in global.alldevices.\"_<br>\n   Verify `alldevices` in `Global CORE config` node, and `TUYABRDG` in `Global TRIGGER config` node.\n   Usually a writing mistake.\n\n\n4. _TRIGGER STARTUP ERROR: adjust the startup delay_<br>\n  You need to increment the delay in 'startup delay' node. See [starup process](https://github.com/msillano/tuyaDAEMON/wiki/ver.-2.0--milestones#the-tuyadaemon-three-step-startup-process).\n\n5. **GENERAL WARNING**: the `'import'+'Deploy'` does not copy `'credential' parameters`.\nTuyaDAEMON uses `credential` only in input fields containing `'id'` and `'key'` of Tuya devices (optional).<br>\n_So you must check all nodes with the 'credential' option:_\n   - `tuya-smart-device` node\n   - `do logging`, `do command`, `static retry`, `dynamic retry`, `REFRESH` CORE subflows.\n \n5. _If a 'real' Tuya device refuses the connection at startup_:\n   - double check the [device `id`](https://github.com/msillano/tuyaDAEMON/wiki/Howto:-add-a-new-device-to-tuyaDAEMON#1-preconditions). A bad `key` prevents the data from being properly decrypted (see [TuyAPI note 5](https://github.com/codetheweb/tuyapi#-notes))\n   - wait and be patient: usually  a device connects in 1-6 retries\n   - try node-red \"Deploy\" command\n   - try node-red \"Restart flows\" command (very effective)\n   - Switch off then switch on the device power.\n   - Restart node-red.\n   - Switch off then switch on the WiFi router power.\n   - Weak signal: consider moving the device or extending the WiFi with a repeater\n\n------------------------------------\n2.2.2\n- updated installation istructions\n",
        "x": 210,
        "y": 100,
        "wires": []
    },
    {
        "id": "c9f43698db6a94fd",
        "type": "link in",
        "z": "885794d873f674af",
        "name": "tuya_bridge_IN",
        "links": [
            "055f2c0389c9d8c2",
            "134a47631a141e3e",
            "1bd688a87436ccac",
            "3c7ce69147ffd936",
            "9114bc51fbe925c0",
            "eaa0294fa9bcaa60",
            "f91f7b1b0a3e911f",
            "ed2ec57f05ea9507",
            "83ab4822.a4d028"
        ],
        "x": 220,
        "y": 420,
        "wires": [
            [
                "0a391693eddda083"
            ]
        ],
        "icon": "node-red/arrow-in.svg",
        "l": true,
        "info": "\nAccepts device low level msg\nlike: \n\nmsg.payload:\n    {\n    \"operation\": \"SET\",\n    \"dps\": \"7\",        // HW dependent, used defined in `core-trigger.global.COUNTDP`\n    \"set\": 1050           // user defined values: see `core-trigger.triggerMAP` node.\n    }\n    \nsee also the subflow `REDTRG`, to build this msg.   \n"
    },
    {
        "id": "bed10ef4827dd0ee",
        "type": "debug",
        "z": "885794d873f674af",
        "d": true,
        "name": "*trace: msg OUT from tuya_bridge",
        "active": true,
        "tosidebar": true,
        "console": false,
        "tostatus": false,
        "complete": "true",
        "targetType": "full",
        "statusVal": "",
        "statusType": "auto",
        "x": 1160,
        "y": 140,
        "wires": [],
        "info": "CUSTOMIZATION\n\n- Enable to see in the debug pad all msg FROM the 'tuya_bridge' device.\n- Normal use: disabled"
    },
    {
        "id": "d32097783c29d84d",
        "type": "debug",
        "z": "885794d873f674af",
        "d": true,
        "name": "*trace: msg IN for tuya_bridge",
        "active": true,
        "tosidebar": true,
        "console": false,
        "tostatus": false,
        "complete": "true",
        "targetType": "full",
        "statusVal": "",
        "statusType": "auto",
        "x": 1170,
        "y": 100,
        "wires": [],
        "info": "CUSTOMIZATION\n\n- Enable to see in the debug pad all msg TO the 'tuya_bridge' device.\n- Normal use: disabled"
    },
    {
        "id": "3954e84e7c450956",
        "type": "link out",
        "z": "885794d873f674af",
        "name": "to core.more_devices_IN",
        "mode": "link",
        "links": [
            "fbb618a4bd787cde"
        ],
        "x": 1305,
        "y": 460,
        "wires": [],
        "icon": "node-red/arrow-in.svg"
    },
    {
        "id": "0addf7b206820c76",
        "type": "subflow:ee953c15.ada29",
        "z": "885794d873f674af",
        "name": "",
        "env": [
            {
                "name": "deviceId",
                "type": "cred"
            },
            {
                "name": "deviceID",
                "value": "bfa355aa196ae5975cy6ii",
                "type": "str"
            }
        ],
        "x": 1110,
        "y": 460,
        "wires": [
            [
                "3954e84e7c450956"
            ]
        ]
    },
    {
        "id": "29e378e3d71802ac",
        "type": "delay",
        "z": "885794d873f674af",
        "name": "",
        "pauseType": "rate",
        "timeout": "5",
        "timeoutUnits": "seconds",
        "rate": "30",
        "nbRateUnits": "10",
        "rateUnits": "second",
        "randomFirst": "1",
        "randomLast": "5",
        "randomUnits": "seconds",
        "drop": false,
        "allowrate": false,
        "outputs": 1,
        "x": 740,
        "y": 380,
        "wires": [
            [
                "2bfe908d6cb817ae",
                "d32097783c29d84d"
            ]
        ],
        "info": "limit throughput, but allows smooth operations and less connection problems\n\nnote: node not usable for fast rates: internal delay limit about 690/10s\n"
    },
    {
        "id": "f6cd5fd21607f941",
        "type": "comment",
        "z": "885794d873f674af",
        "name": "Debug trace",
        "info": "\n - Disable unwonted trace nodes.\n  \n ",
        "x": 910,
        "y": 100,
        "wires": []
    },
    {
        "id": "2bfe908d6cb817ae",
        "type": "tuya-smart-device",
        "z": "885794d873f674af",
        "deviceName": "*_tuya_bridge",
        "disableAutoStart": false,
        "deviceId": "bf3b959ff17a808e797tuy",
        "deviceKey": "a2bb73afd4c73460",
        "storeAsCreds": false,
        "deviceIp": "",
        "retryTimeout": "2000",
        "findTimeout": "1000",
        "tuyaVersion": "3.1",
        "eventMode": "event-both",
        "x": 980,
        "y": 380,
        "wires": [
            [
                "16841912dc8eb04c",
                "bed10ef4827dd0ee",
                "5d7f8266bbfda88a",
                "06be4132ca3c2bb7"
            ],
            [
                "0addf7b206820c76",
                "ac1a6fce4130d5bb"
            ]
        ],
        "info": "CUSTOMIZATION\n\n- About TRIGGERS and devices [see here](https://github.com/msillano/tuyaDAEMON/tree/main/tuyaTRIGGER#implementation) \n\nSetup for a new tuya_bridge device: any device as a different 'countdown' dp, so you must update the cconst 'triggerDP':\n\n- the node trigger.'dp convert'\n- the sub-flow 'red-trigger'\n- the code for 'case \"_doTrigger\":' in _system.'sistem cmd selector 2' node."
    },
    {
        "id": "e170520e286bb22a",
        "type": "comment",
        "z": "885794d873f674af",
        "name": "test   Tuya_bridge counter  + CORE",
        "info": "\nTest some TRIGGER capabilities.\n\nRuquires core trigger  'Global TRIGGER config' node updated.",
        "x": 180,
        "y": 1200,
        "wires": []
    },
    {
        "id": "c6efc183c33d644b",
        "type": "comment",
        "z": "885794d873f674af",
        "name": "triggerMAP (readme)",
        "info": "\nThis is hardware depended, and can be modified.\n\n1) HW:  I use a TYWR 7-32  switch (see the [wiki](https://github.com/msillano/tuyaDAEMON/tree/main/tuyaTRIGGER) and the [switch](https://github.com/msillano/tuyaDAEMON/blob/main/devices/switch-1CH/device_switch-1CH.pdf)), \n   - the countdown (`dps = 7`) has a range `0..86400` s (24 H).\n   - the countdown is PUSHed `every 30 s`.\n   - `SET(countdown, 0)` does not change the switch status.<br><br>\n2) >The switch is free and usable by any applications: the TRIGGER uses only the `countdown` function and does NOT interfere with the status of the switch.\n\n3) RULES:\n   - _Tuya limits_:  100 automations for 'home' and 20 'homes' per account, i.e. max. 2000 triggers (see info on [wiki](https://github.com/msillano/tuyaDAEMON/wiki/tuyaTRIGGER-info)).\n   - _The problem is that the `countdown` counts anytime, so, if an ACK is missed, the count can TRIGGER the next lower value (interference)_.\n   - If the direction is _Tuya-cloud -> tuyaDAEMON_, the receiver (tuyaDAEMON) MUST send asap an ACK (`SET to 0 the dp 7`).\n   - If the direction is _tuyaDAEMON -> Tuya-cloud_, the related automation MUST, as first action, `set to 0 the countdown`.\n   - In the used tuya_bridge device, the countdown sends every 30s the actual value, as PUSH. This PUSH is used as fallback mechanism to reset the countdown to 0.\n   - So: the receiver MUST send an `ACK` asap, max. 30s. If missed, the fallback (countdown PUSH + code in `ACK and filter` node) resets the conter.\n   - However, interference between two events or commands that are too close together is possible: if necessary, a complete HANDSHAKE protocol can be implemented.\n>The range 1 - 86400 can be used, for user commands or mirror devices.\nI use following rules:\n4) RULES\n   - All parameters are stored in the `Global TRIGGER Config` node, for easy update.\n\n   - Assign close values to each device/application but use values _multiple of a fixed amount,_ e.g. `70`s. This gives us a total 1235 triggers and it allows 2 fallback intervents before interference.\n \n   - Before a critical application (e.g. alarm), to be safe, you can insert an extra guard.\n \n   - Place commands `TO Tuya-cloud` in the upper range, messages `FROM Tuya-cloud` in the lower range: in case of `tuyaDEAMON` down, cammands are not sended, and the messages from devices, not handled, are without dangerous conseguences.\n  \n   - I keep separate the trigger used for the 'mirror' devices (i.e. devices NOT handled by `node-tuya-smart-device`) and the `user-trigger`, used to do other communications to/from tuya-cloud.\n \n------------------------- \n## the trigger MAP for  TYWR 7-32  switch (default)\n\n| count [s]  |  Description                                     |\n|-------:|:---------------------------------------------------------------------|       \n|    0     |  _This MUST never be reached, because the switch toggles at 0_.<br>`SET(countdown, 0)` (`ACK`) is allowed, the switch does not toggle. |\n| &nbsp;&nbsp;&nbsp;&nbsp;&nbsp;&nbsp;&nbsp;&nbsp;1..1049  | Not used (security gap). |\n|  1050    | LOWGUARD value, handled by Tuya-cloud (case of tuyaDAEMON shutdown). The management of a guard is entirely entrusted to _Tuya automation_ (add it to SmartLife).<br>_note: This automation is also used to measure the tuyaDAEMON roundtrip time (see_ `tuya_bridge.trgPing` _property_). |\n```\n        if \"tuya_bridge\"(countdown1) = 1050,\n             then 0 => \"tuya_bridge\"(countdown1)\n```     \n| count [s]  |  Description                                     |\n|----:|:----------------------------------------------|       \n| 1051..10009 |   Reserved (future uses) |\n| 10010..20019| area for about 130 user-events FROM TUYA (TuyaTRG)|\n| 20020..29959| area for about 130 user-commands  TO TUYA (RedTRG)\n| 29960  |  MIRRORGUARD value (add the Tuya-cloud guard Automation)|\n```\n        if \"tuya_bridge\"(countdown1) = 29960,\n             then 0 => \"tuya_bridge\"(countdown1)\n``` \n| count [s]  |  Description                                     |\n|----:|:----------------------------------------------|       \n| 30030..50049 | Area for about 270  events FROM TUYA 'mirror' devices |\n| 50050..70069 | Area for about 270 commands TO TUYA 'mirror' devices  |\n| 70070.. 86500 | Reserved (future uses)  |\n\n---------------------------\n\n \n",
        "x": 490,
        "y": 260,
        "wires": []
    },
    {
        "id": "3ea894c88e5d4159",
        "type": "inject",
        "z": "885794d873f674af",
        "name": "test:  GET(1)",
        "props": [
            {
                "p": "payload"
            }
        ],
        "repeat": "",
        "crontab": "",
        "once": false,
        "onceDelay": 0.1,
        "topic": "",
        "payload": "{\"operation\":\"SET\",\"dps\":\"1\",\"set\":null}",
        "payloadType": "json",
        "x": 170,
        "y": 900,
        "wires": [
            [
                "3c7ce69147ffd936"
            ]
        ],
        "info": "test: GET switch status\n\nprecondition:\n     tuya_bridge device connected.\n\nexpected result:\n      in debugpad the message with the correct tuya_bridge switch status;\n      [\"RX: 'tuya_bridge'/'relay' \",\"OFF\"]  (or \"ON\")"
    },
    {
        "id": "ac1a6fce4130d5bb",
        "type": "debug",
        "z": "885794d873f674af",
        "d": true,
        "name": "trace tuya_bridge control output",
        "active": true,
        "tosidebar": true,
        "console": false,
        "tostatus": false,
        "complete": "true",
        "targetType": "full",
        "statusVal": "",
        "statusType": "auto",
        "x": 1170,
        "y": 180,
        "wires": []
    },
    {
        "id": "1a6dc55f5f7fb299",
        "type": "inject",
        "z": "885794d873f674af",
        "name": "test:  SET(1) = false",
        "props": [
            {
                "p": "payload"
            }
        ],
        "repeat": "",
        "crontab": "",
        "once": false,
        "onceDelay": 0.1,
        "topic": "",
        "payload": "{\"operation\":\"SET\",\"dps\":\"1\",\"set\":false}",
        "payloadType": "json",
        "x": 190,
        "y": 820,
        "wires": [
            [
                "3c7ce69147ffd936"
            ]
        ],
        "info": "test: SET switch OFF\n\nprecondition:\n     tuya_bridge device connected.\n\nexpected result:\n      on debugpad the message:\n      [\"RX: 'tuya_bridge'/'relay' \",\"OFF\"]"
    },
    {
        "id": "0737fa76bb69ad7a",
        "type": "inject",
        "z": "885794d873f674af",
        "name": "test:  SET(1) = true",
        "props": [
            {
                "p": "payload"
            }
        ],
        "repeat": "",
        "crontab": "",
        "once": false,
        "onceDelay": 0.1,
        "topic": "",
        "payload": "{\"operation\":\"SET\",\"dps\":\"1\",\"set\":true}",
        "payloadType": "json",
        "x": 190,
        "y": 860,
        "wires": [
            [
                "3c7ce69147ffd936"
            ]
        ],
        "info": "test: SET switch ON\n\nprecondition:\n     tuya_bridge device connected.\n\nexpected result:\n      on debugpad the message:\n      [\"RX: 'tuya_bridge'/'relay' \",\"ON\"]"
    },
    {
        "id": "334ea0a0d57f2875",
        "type": "comment",
        "z": "885794d873f674af",
        "name": "LOW LEVEL only for test (device dependent) ",
        "info": "Test the tuya_bridge device.\nHere some LOW LEVEL test to verify TuyaDAEMON real device management\n\nEnable node *trace: msg IN for tuya_bridge\nEnable node *trace: msg OUT from tuya_bridge\n\n\nTested on Switch-1CH (TYWR 7-32, see https://github.com/msillano/tuyaDAEMON/blob/main/devices/switch-1CH/device_switch-1CH.pdf):\n\n- The switch is dp 1\n- The countdown is dp 7\n- The countdow is refreshed every 30s (PUSH)\n\nCUSTIMIZATION:\n- using a different device maybe not all DPs are implemented and you must update all LOW LEVEL messages.",
        "x": 230,
        "y": 720,
        "wires": []
    },
    {
        "id": "3c7ce69147ffd936",
        "type": "link out",
        "z": "885794d873f674af",
        "name": "to tuya_bridge IN",
        "mode": "link",
        "links": [
            "c9f43698db6a94fd"
        ],
        "x": 545,
        "y": 820,
        "wires": []
    },
    {
        "id": "620cb8b613da9842",
        "type": "inject",
        "z": "885794d873f674af",
        "name": "counter:  GET(COUNTDP)  ",
        "props": [
            {
                "p": "payload"
            },
            {
                "p": "payload.dps",
                "v": "COUNTDP",
                "vt": "global"
            },
            {
                "p": "operation",
                "v": "SET",
                "vt": "str"
            }
        ],
        "repeat": "",
        "crontab": "",
        "once": false,
        "onceDelay": 0.1,
        "topic": "",
        "payload": "{\"set\": null}",
        "payloadType": "json",
        "x": 1250,
        "y": 820,
        "wires": [
            [
                "055f2c0389c9d8c2"
            ]
        ],
        "info": "counter READ\n\nnote about the used device:\n  -  Read returns not the actual value, but the last PUSHed.\n  -  GET(dp) must be implemented as SET(dp, null).\n\nsee https://github.com/msillano/tuyaDAEMON/blob/main/devices/switch-1CH/device_switch-1CH.pdf\n\nprecondition:\n     tuya_bridge device connected.\n\nexpected result:\n      [ \"RX: 'tuya_bridge'/'trigger (re…\", xxx ]   (usually 0)"
    },
    {
        "id": "efd9e25bfee6eefe",
        "type": "inject",
        "z": "885794d873f674af",
        "name": "fallback:   SET counter 700",
        "props": [
            {
                "p": "payload"
            },
            {
                "p": "payload.dps",
                "v": "COUNTDP",
                "vt": "global"
            }
        ],
        "repeat": "",
        "crontab": "",
        "once": false,
        "onceDelay": 0.1,
        "topic": "",
        "payload": "{\"operation\":\"SET\",\"set\":700}",
        "payloadType": "json",
        "x": 1250,
        "y": 1020,
        "wires": [
            [
                "055f2c0389c9d8c2"
            ]
        ],
        "info": "test fallback \n\n _The values used in the counter as TRIGGER are multiple of 70 (flow.COUNTSTEP)._\n _See 'Tuya-bridge MAP (example)' node._\n \n _Normally the receiver, when a TRIGGER arrives, sends an ACK (reset 0) to the counter, to avoid interference with the previous TRIGGER, or worse, the relay toggle if the counter reaches 0._\n \n _To reduce interference, tuyaDAEMON exploits PUSHed values every 30s from the counter to do a fallback auto-reset in case of ACK failure for any reason._\n    \n _700 is multiple of 70, i.e. it can be a TRIGGER: therefore tuyaDEAMON dont auto-sends the ACK. But 700 is not a defined TRIGGER, so nobody sends the ACK._\n\n _tuyaDEAMON auto-sends an ACK at next message PUSHed from the device counter not multiple of 70, i.e. 700-30 = 670. If 670 is also missed for any reason, a second chance is at 700-60 = 640._\n_note: some devices send the countdown when 30*k, i.e. at 690: same result._\n\nexpected result:\n      [\"RX: 'tuya_bridge'/'trigger (reserved)' \", 700]  // echo \n  \n  after 30s: \n      [\"RX: 'tuya_bridge'/'trigger (reserved)' \", 670]  // counter PUSH \n      [\"RX: 'tuya_bridge'/'trigger (reserved)' \",0]     // echo auto-ACK\n\nTroubleshooting (more than one tuyaDAEMON instance):\n1)  If after:\n      [\"RX: 'tuya_bridge'/'trigger (reserved)' \", 670]\n  is missed:\n      [\"RX: 'tuya_bridge'/'trigger (reserved)' \",0]\n  Check trigger.global.is_master: one instance must be 'true'.\n  \n2) After:\n      [\"RX: 'tuya_bridge'/'trigger (reserved)' \", 670]\n  if you have two tuyaDAEMON instances, you can send two ACK:\n      [\"RX: 'tuya_bridge'/'trigger (reserved)' \",0]\n      [\"RX: 'tuya_bridge'/'trigger (reserved)' \",0]\n  Check trigger.global.is_master: only one instance must be 'true' (usually the one 24/7)\n"
    },
    {
        "id": "055f2c0389c9d8c2",
        "type": "link out",
        "z": "885794d873f674af",
        "name": "to tuya_bridge IN",
        "mode": "link",
        "links": [
            "c9f43698db6a94fd"
        ],
        "x": 1485,
        "y": 820,
        "wires": []
    },
    {
        "id": "70b0b83ea40a4b44",
        "type": "inject",
        "z": "885794d873f674af",
        "name": "test:  SCHEMA",
        "props": [
            {
                "p": "payload"
            }
        ],
        "repeat": "",
        "crontab": "",
        "once": false,
        "onceDelay": 0.1,
        "topic": "",
        "payload": "{\"operation\":\"GET\",\"schema\":true}",
        "payloadType": "json",
        "x": 170,
        "y": 940,
        "wires": [
            [
                "3c7ce69147ffd936"
            ]
        ],
        "info": "test: tuya_bridge SCHEMA command\n\nprecondition:\n     tuya_bridge device connected.\n\nexpected result (device dependent):\n     on debugpad a RX message for every property with the actual value:\n     [\"RX: 'tuya_bridge'/'relay' \",\"OFF\"]\n     [\"RX: 'tuya_bridge'/'trigger (reserved)' \",0]\n     [\"RX: 'tuya_bridge'/'restart status' \",\"memory\"]\n     ... more\n"
    },
    {
        "id": "c41ef0bd9b79a54c",
        "type": "inject",
        "z": "885794d873f674af",
        "name": "Test tuya LOW GUARD",
        "props": [
            {
                "p": "payload.operation",
                "v": "SET",
                "vt": "str"
            },
            {
                "p": "payload.dps",
                "v": "$globalContext(\"COUNTDP\")",
                "vt": "jsonata"
            },
            {
                "p": "payload.set",
                "v": "$number($globalContext(\"LOWGUARD\"))",
                "vt": "jsonata"
            }
        ],
        "repeat": "",
        "crontab": "",
        "once": false,
        "onceDelay": 0.1,
        "topic": "",
        "x": 1240,
        "y": 1060,
        "wires": [
            [
                "055f2c0389c9d8c2"
            ]
        ],
        "info": "The reset comes from Tuya-cloud automation.\nnote: uses the global.LOWGUARD value (1050): see triggerMAP.\n\nIt requre (mandatory) the guard automation in tuya-cloud:\n     if tuya_bridge countdown 1 = 1050\n         then tuya_bridge countdown 1 <= 0\n\nexpected result:\n  on debugpad the message:\n      [ \"RX: 'tuya_bridge'/'trigger (re…\", 1050 ]\n and after that:         \n      [ \"RX: 'tuya_bridge'/'trigger (re…\", 0 ]\n"
    },
    {
        "id": "dbccf536af42afbd",
        "type": "inject",
        "z": "885794d873f674af",
        "name": "test: SET  counter 0",
        "props": [
            {
                "p": "payload.operation",
                "v": "SET",
                "vt": "str"
            },
            {
                "p": "payload.dps",
                "v": "COUNTDP",
                "vt": "global"
            },
            {
                "p": "payload.set",
                "v": "0",
                "vt": "num"
            }
        ],
        "repeat": "",
        "crontab": "",
        "once": false,
        "onceDelay": 0.1,
        "topic": "",
        "x": 1230,
        "y": 860,
        "wires": [
            [
                "055f2c0389c9d8c2"
            ]
        ],
        "info": "test: SET counter to 0\n\nprecondition:\n     tuya_bridge device connected.\n\nexpected result:\n      on debugpad the message:\n      [\"RX: 'tuya_bridge'/'relay' \",\"ON\"]"
    },
    {
        "id": "06be4132ca3c2bb7",
        "type": "function",
        "z": "885794d873f674af",
        "name": "TRIGGER filter",
        "func": "// input  checks tuya_bridge messages\n// output 1: the msg.tuyatrigger is the value from tuya-bridge, for more processing.\n// output 2: the low-level SET 0 (ACK) for tuya-bridge.\nvar xdp = global.get('COUNTDP');\n\nvar xtime = 0;\n// it is a counter message?\nif (msg.payload.data && (msg.payload.data.dps[xdp] != undefined))\n    xtime = msg.payload.data.dps[xdp];\nelse\n    return [];\n// special case for 'GUARD', to allow tests (pings)\n// ACH not required, done by tuya automation\nif (xtime == global.get('LOWGUARD')) return [null];\nif (xtime == global.get('MIRRORGUARD')) return [null];\n\n// set in msg the dedicated value tuyatrigger\nmsg.payload.tuyatrigger = xtime;\nmsg.payload.data = {};\n\n// it is a TRIGGER?\nif (xtime % flow.get('COUNTSTEP') == 0) {\n    if (xtime < global.get('MIRRORGUARD'))\n        return [null, msg, null];\n    return [msg, null, null];\n}\n\n// not a TRIGGER, it is a PUSH: does only the ACK fallback)\nreturn [null, null, flow.get('is_master') ? msg : null];\n\n",
        "outputs": 3,
        "noerr": 0,
        "initialize": "",
        "finalize": "\n",
        "libs": [],
        "x": 980,
        "y": 300,
        "wires": [
            [
                "9c722072d8652d08"
            ],
            [
                "c0057180f9fecfa9"
            ],
            [
                "e7555082dde44cf8"
            ]
        ],
        "inputLabels": [
            "from device"
        ],
        "outputLabels": [
            "TUYATRG events from mirror",
            "TUYATRG custom events",
            "to ACK"
        ]
    },
    {
        "id": "c0057180f9fecfa9",
        "type": "link out",
        "z": "885794d873f674af",
        "name": "user events",
        "mode": "link",
        "links": [],
        "x": 1230,
        "y": 300,
        "wires": [],
        "l": true
    },
    {
        "id": "7c54612bc045014d",
        "type": "config",
        "z": "885794d873f674af",
        "name": "*Global TRIGGER config",
        "properties": [
            {
                "p": "COUNTDP",
                "pt": "global",
                "to": "102",
                "tot": "str"
            },
            {
                "p": "COUNTSTEP",
                "pt": "flow",
                "to": "70",
                "tot": "str"
            },
            {
                "p": "is_master",
                "pt": "flow",
                "to": "true",
                "tot": "bool"
            },
            {
                "p": "MIRRORGUARD",
                "pt": "global",
                "to": "29960",
                "tot": "str"
            },
            {
                "p": "LOWGUARD",
                "pt": "global",
                "to": "1050",
                "tot": "str"
            },
            {
                "p": "NPING",
                "pt": "flow",
                "to": "5",
                "tot": "str"
            },
            {
                "p": "TUYABRDG",
                "pt": "global",
                "to": "_tuya_bridge",
                "tot": "str"
            }
        ],
        "active": true,
        "x": 210,
        "y": 160,
        "wires": [],
        "info": "## TRIGGER Configuration\n\nVALUES for the [TYWR 7-32](https://github.com/msillano/tuyaDAEMON/blob/main/devices/switch-1CH/device_switch-1CH.pdf) switch.\n\nUser defined CONSTANTs, see '`Tuya-bridge MAP`' node for details:\n\n   _COUNTDP_ (7)<br>\n      the dp for the cunter in tuya_bridge device (see datasheet)\n\n   _COUNTSTEP_  (70)\n      time between TRIGGERs:<br>\n         (COUNTSTEP > 2 * delta-count_)<br>\n      Example: delta-count = 30s => 2* 30 + 10 = **70** \n      i.e. 2 fallback chances before interference.\n      \n   _MIRRORGUARD_ (29960)<br>\n       Tuya-cloud guard between 'mirror' devices and custom events. Must be COUNTSTEP multiple:\n          (_MIRRORGUARD = COUNTSTEP * n1_), used in Tuya automation.\n       \n   _LOWGUARD_ (1050)<br>\n       The Tuya-cloud guard low value.  Must be COUNTSTEP multiple:\n          (_LOWGUARD = COUNTSTEP * n2_), used in Tuya automation.\n\n \n Configuration:\n \n _TUYABRDG_  ('_tuya-bridge')<br>\n        The name of the used device, as in global.alldevices.\n        \n  _is-master_  true (default)| false<br>\n        In case of multiple instances using the same 'tuya_bridge' device, only one is the 'master' that does the fallback (auto ACK).  \n\n  _NPING_ (5)<br>\n        Numbers of pings used by _tstPing capability.\n --------------------------------       \n\n### INSTALLATION  \n\n**Preconditions** \n  * TuyaDAEMON CORE, SYSTEM installed and working\n\n You MUST have one HW Tuya device (switch):\n  * Identify the counter DP (for the 'TYWR 7-32': dp = 7)\n  * Verify that `SET(counter, 0)` does not change the switch status ON/OFF\n  * Identify the `delta-count`, the count PUSH rate (for the 'TYWR 7-32': 30s)\n  * _Define a `triggerMAP` for your device._ (see `triggerMAP (readme)` node)\n\n_If the [device is known](https://github.com/msillano/tuyaDAEMON/tree/main/devices) verify the datasheet, else do some tests to verify preconditions._\n    \nHardware used values:\n   device counter DP:   7                        ( in _COUNTDP_)\n   device delta-count: 30 s            (used in MAP definitions)\n   step between used values: 70                ( in _COUNTSTEP_) \n  \n**flow setup** <br>\n - Import in node-red the  `core_TRIGGER` flow ()\n - Set in `trigger.tuya-smart-device` node the `ID` and `Key` of the actual device.\n - 'tuya_bridge' must reconnect fast: set both timeout to 500-1000 ms.\n - Set in `trigger.static-retry node` the `ID` of the actual device.\n - **Important: After 'Import' + 'Deploy' CHECK all external links nodes**.\n\nIn CORE, update the '*device selector': '_tuya_bridge' MUST be the first device.\n\n**Update  the `global.alldevices.real` in '`Global CORE setup`' node:** <br>\n Insert the data for the switch used (if not already installed for tests). \n Then do following updates:\n - Change the switch device name as in  _TUYABRDG_  (default '_tuya-bridge').\n - Add (merge) 2 new dPs to the device, from the file `device__trigger.json`.\n      - update also the device-name at line 26!\n      - Pay attention to curly braces and commas when editing the global.alldevices !!\n - Edit the `switch.countdown` dP used (dp in _COUNTDP_):\n      - name: \"trigger (reserved)\"\n      - capabilities: \"TRG\" \n\ndone.\nDeploy and try the tests in the 'core_TRIGGER' flow.\n\n \nnote: After debugging, in production, it is better to hide all trigger messages:\nAdd \"hide\"=\"K\" to dp used (_COUNTDP_).\n"
    },
    {
        "id": "fd8071339ca9c39b",
        "type": "link in",
        "z": "885794d873f674af",
        "name": "ACK IN",
        "links": [
            "e7555082dde44cf8"
        ],
        "x": 190,
        "y": 340,
        "wires": [
            [
                "916996c3c9f5bf26"
            ]
        ],
        "l": true,
        "info": "Sends a SET 0 counter to tuya_bridge.\nInput: any (acts as trigger)\n"
    },
    {
        "id": "9c722072d8652d08",
        "type": "link out",
        "z": "885794d873f674af",
        "name": "mirror events",
        "mode": "link",
        "links": [
            "3b1a0cbbfb083c57"
        ],
        "x": 1230,
        "y": 260,
        "wires": [],
        "l": true
    },
    {
        "id": "5edd62cf3d75cb4d",
        "type": "inject",
        "z": "885794d873f674af",
        "name": "test: SET counter 20020",
        "props": [
            {
                "p": "payload.operation",
                "v": "SET",
                "vt": "str"
            },
            {
                "p": "payload.dps",
                "v": "COUNTDP",
                "vt": "global"
            },
            {
                "p": "payload.set",
                "v": "20020",
                "vt": "num"
            }
        ],
        "repeat": "",
        "crontab": "",
        "once": false,
        "onceDelay": 0.1,
        "topic": "",
        "x": 1250,
        "y": 920,
        "wires": [
            [
                "055f2c0389c9d8c2"
            ]
        ],
        "info": "Test for REDTRG20020 (user command to Tuya-cloud) direct.\n\nprecondition:\n   tuya_bridge device connected.\n\n  For this test is required a Tuya-cloud automation:\n     \n     if tuya_bridge counter1 = 20020\n         then \n            tuya_bridge counter1 <= 0          // the ACK\n         and\n            <do_anything> (e.g. notification)\n            \nexpected result:\n  on debugpad the message:\n      [ \"RX: 'tuya_bridge'/'trigger (re…\", 20020 ]   //echo from device\n  after that the ACK:      \n      [ \"RX: 'tuya_bridge'/'trigger (re…\", 0 ]       //echo from device \n and:         \n      <do_anything>  Tuya-cloud action.\n            "
    },
    {
        "id": "edc14ea297207d7a",
        "type": "inject",
        "z": "885794d873f674af",
        "name": "Test tuya MIRROR GUARD",
        "props": [
            {
                "p": "payload.operation",
                "v": "SET",
                "vt": "str"
            },
            {
                "p": "payload.dps",
                "v": "$globalContext(\"COUNTDP\")",
                "vt": "jsonata"
            },
            {
                "p": "payload.set",
                "v": "$number($globalContext(\"MIRRORGUARD\"))",
                "vt": "jsonata"
            }
        ],
        "repeat": "",
        "crontab": "",
        "once": false,
        "onceDelay": 0.1,
        "topic": "",
        "x": 1250,
        "y": 1100,
        "wires": [
            [
                "055f2c0389c9d8c2"
            ]
        ],
        "info": "The reset comes from Tuya-cloud automation.\nnote: uses the global.MIRRORGUARD value (e.g. 29960) see 'triggerMAP' node.\n\nIt requre (mandatory) the guard automation in tuya-cloud:\n     if tuya_bridge countdown 1 = 29960     \n         then tuya_bridge countdown 1 <= 0\n\nexpected result:\n  on debugpad the message:\n      [ \"RX: 'tuya_bridge'/'trigger (re…\", 29960 ]  // echo from device\n and after that:         \n      [ \"RX: 'tuya_bridge'/'trigger (re…\", 0 ]      // echo from device\n"
    },
    {
        "id": "9f6f85339215cf9a",
        "type": "inject",
        "z": "885794d873f674af",
        "name": "test: SET FIND 3s",
        "props": [
            {
                "p": "payload.operation",
                "v": "CONTROL",
                "vt": "str"
            },
            {
                "p": "payload.action",
                "v": "SET_FIND_TIMEOUT",
                "vt": "str"
            },
            {
                "p": "payload.value",
                "v": "3000",
                "vt": "num"
            }
        ],
        "repeat": "",
        "crontab": "",
        "once": false,
        "onceDelay": 0.1,
        "topic": "",
        "x": 750,
        "y": 940,
        "wires": [
            [
                "1bd688a87436ccac"
            ]
        ],
        "info": "test: SET the FIND phase timeout (default in device node properties)\n\nprecondition:\n     tuya_bridge device connected.\n\nexpected result:\n     internal command: no visible result.\n     In case of bad connection: this is the wait time for a device response.\n\n     "
    },
    {
        "id": "4b93438871d7b8a1",
        "type": "inject",
        "z": "885794d873f674af",
        "name": "RECONNECT tuya_bridge",
        "props": [
            {
                "p": "payload.operation",
                "v": "CONTROL",
                "vt": "str"
            },
            {
                "p": "payload.action",
                "v": "RECONNECT",
                "vt": "str"
            }
        ],
        "repeat": "",
        "crontab": "",
        "once": false,
        "onceDelay": 0.1,
        "topic": "",
        "x": 770,
        "y": 900,
        "wires": [
            [
                "1bd688a87436ccac"
            ]
        ],
        "info": "test: RECONNECT tuya_bridge device\n\nprecondition:\n    1) if tuya_bridge device connected: disconnect then connect\n    1) if tuya_bridge device disconnected: connect\n\nexpected result:\n      tuya_bridge device connected and in debugpad some RX messages:\n      [ \"RX: 'tuya_bridge'/'_connected'…\", true ]\n      [ \"RX: 'HAL@home'/'_WiFinet' \", true ]\n      [ \"RX: 'HAL@home'/'_WiFiunconnect…\", array[0] ]\n      ... more (more status messages can be present)\n\n"
    },
    {
        "id": "5b148396910dff40",
        "type": "inject",
        "z": "885794d873f674af",
        "name": "CONNECT tuya_bridge",
        "props": [
            {
                "p": "payload.operation",
                "v": "CONTROL",
                "vt": "str"
            },
            {
                "p": "payload.action",
                "v": "CONNECT",
                "vt": "str"
            }
        ],
        "repeat": "",
        "crontab": "",
        "once": false,
        "onceDelay": 0.1,
        "topic": "",
        "x": 760,
        "y": 860,
        "wires": [
            [
                "1bd688a87436ccac"
            ]
        ],
        "info": "test: CONNECT tuya_bridge device\n\nprecondition:\n     tuya_bridge device disconnected.\n\nexpected result:\n      tuya_bridge device connected and in debugpad some RX messages:\n      [ \"RX: 'tuya_bridge'/'_connected'…\", true ]\n      [ \"RX: 'HAL@home'/'_WiFinet' \", true ]\n      [ \"RX: 'HAL@home'/'_WiFiunconnect…\", array[0] ]\n      ... more (more status messages can be present)\n\n"
    },
    {
        "id": "544bc0146d4b4f4f",
        "type": "inject",
        "z": "885794d873f674af",
        "name": "DISCONNECT tuya_bridge",
        "props": [
            {
                "p": "payload.operation",
                "v": "CONTROL",
                "vt": "str"
            },
            {
                "p": "payload.action",
                "v": "DISCONNECT",
                "vt": "str"
            }
        ],
        "repeat": "",
        "crontab": "",
        "once": false,
        "onceDelay": 0.1,
        "topic": "",
        "x": 770,
        "y": 820,
        "wires": [
            [
                "1bd688a87436ccac"
            ]
        ],
        "info": "test: DISCONNECT tuya_bridge device\n\nprecondition:\n     tuya_bridge device connected.\n\nexpected result:\n      tuya_bridge device disconnected and in debugpad some RX messages:\n      [ \"RX: 'tuya_bridge'/'_connected'…\", false ]\n      [ \"RX: 'HAL@home'/'_WiFinet' \", false ]\n      [ \"RX: 'HAL@home'/'_WiFiunconnect…\", array[1] ]\n      ... more (more status messages can be present)"
    },
    {
        "id": "1bd688a87436ccac",
        "type": "link out",
        "z": "885794d873f674af",
        "name": "to tuya_bridge IN",
        "mode": "link",
        "links": [
            "c9f43698db6a94fd"
        ],
        "x": 1015,
        "y": 820,
        "wires": []
    },
    {
        "id": "13158b71478e08e4",
        "type": "inject",
        "z": "885794d873f674af",
        "name": "test: SET RETRY 5s",
        "props": [
            {
                "p": "payload.operation",
                "v": "CONTROL",
                "vt": "str"
            },
            {
                "p": "payload.action",
                "v": "SET_RETRY_TIMEOUT",
                "vt": "str"
            },
            {
                "p": "payload.value",
                "v": "5000",
                "vt": "num"
            }
        ],
        "repeat": "",
        "crontab": "",
        "once": false,
        "onceDelay": 0.1,
        "topic": "",
        "x": 750,
        "y": 980,
        "wires": [
            [
                "1bd688a87436ccac"
            ]
        ],
        "info": "test: SET the RETRY phase timeout (default in device node properties)\n\nprecondition:\n     tuya_bridge device connected.\n\nexpected result:\n     internal command: no visible result.\n     In case of bad connection: next retry after this time.\n    \n"
    },
    {
        "id": "b94fb7355eaf0785",
        "type": "inject",
        "z": "885794d873f674af",
        "name": "tuya_bridge Standby true",
        "props": [
            {
                "p": "payload.device",
                "v": "TUYABRDG",
                "vt": "global"
            },
            {
                "p": "payload.property",
                "v": "_standby",
                "vt": "str"
            },
            {
                "p": "payload.value",
                "v": "true",
                "vt": "str"
            }
        ],
        "repeat": "",
        "crontab": "",
        "once": false,
        "onceDelay": 0.1,
        "topic": "",
        "x": 170,
        "y": 1260,
        "wires": [
            [
                "270b7038e90bdcd9"
            ]
        ],
        "info": "standard tuyad_bridge standby mode on (disconnected). Don't use direct 'DISCONNECT' low level command."
    },
    {
        "id": "270b7038e90bdcd9",
        "type": "link out",
        "z": "885794d873f674af",
        "name": "to core.std_cmds",
        "mode": "link",
        "links": [
            "c5aef2762e41cb22"
        ],
        "x": 425,
        "y": 1260,
        "wires": []
    },
    {
        "id": "a5ddc4615fd1b12c",
        "type": "inject",
        "z": "885794d873f674af",
        "name": "tuya_bridge Standby false",
        "props": [
            {
                "p": "payload.device",
                "v": "TUYABRDG",
                "vt": "global"
            },
            {
                "p": "payload.property",
                "v": "_standby",
                "vt": "str"
            },
            {
                "p": "payload.value",
                "v": "false",
                "vt": "str"
            }
        ],
        "repeat": "",
        "crontab": "",
        "once": false,
        "onceDelay": 0.1,
        "topic": "",
        "x": 170,
        "y": 1300,
        "wires": [
            [
                "270b7038e90bdcd9"
            ]
        ],
        "info": "standard tuya_bridge standby mode off (connected). Don't use direct 'CONNECT' low level command."
    },
    {
        "id": "4e8a2601c63000c7",
        "type": "inject",
        "z": "885794d873f674af",
        "name": "tuya_bridge findTimeout  2s",
        "props": [
            {
                "p": "payload.device",
                "v": "TUYABRDG",
                "vt": "global"
            },
            {
                "p": "payload.property",
                "v": "_findTimeout",
                "vt": "str"
            },
            {
                "p": "payload.value",
                "v": "2000",
                "vt": "num"
            }
        ],
        "repeat": "",
        "crontab": "",
        "once": false,
        "onceDelay": 0.1,
        "topic": "",
        "x": 170,
        "y": 1340,
        "wires": [
            [
                "270b7038e90bdcd9"
            ]
        ]
    },
    {
        "id": "6203df5c42efc4f5",
        "type": "inject",
        "z": "885794d873f674af",
        "name": "tuya_bridge retryTimeout  5s",
        "props": [
            {
                "p": "payload.device",
                "v": "TUYABRDG",
                "vt": "global"
            },
            {
                "p": "payload.property",
                "v": "_findTimeout",
                "vt": "str"
            },
            {
                "p": "payload.value",
                "v": "5000",
                "vt": "num"
            }
        ],
        "repeat": "",
        "crontab": "",
        "once": false,
        "onceDelay": 0.1,
        "topic": "",
        "x": 180,
        "y": 1380,
        "wires": [
            [
                "270b7038e90bdcd9"
            ]
        ]
    },
    {
        "id": "35fa5039f6513aa4",
        "type": "link out",
        "z": "885794d873f674af",
        "name": "to core.std_cmds",
        "mode": "link",
        "links": [
            "c5aef2762e41cb22"
        ],
        "x": 425,
        "y": 1440,
        "wires": []
    },
    {
        "id": "916996c3c9f5bf26",
        "type": "subflow:8c3e9565d8d016c3",
        "z": "885794d873f674af",
        "name": "make ACK",
        "env": [
            {
                "name": "TRGnumber",
                "value": "0",
                "type": "str"
            }
        ],
        "x": 470,
        "y": 340,
        "wires": [
            [
                "29e378e3d71802ac"
            ]
        ]
    },
    {
        "id": "eaa0294fa9bcaa60",
        "type": "link out",
        "z": "885794d873f674af",
        "name": "to triggers.tuya_bridge_IN",
        "mode": "link",
        "links": [
            "c9f43698db6a94fd"
        ],
        "x": 1265,
        "y": 540,
        "wires": [],
        "icon": "font-awesome/fa-expand"
    },
    {
        "id": "5d7f8266bbfda88a",
        "type": "function",
        "z": "885794d873f674af",
        "name": "ACK  process",
        "func": "var delta;\nvar xdp = global.get('COUNTDP');\n// in 'On Start' sets flow._tsstart to 0 (init)\n// it is a counter message?  is ACK ?\nif (!(msg.payload.data && (msg.payload.data.dps[xdp] == 0)))\n        return [];\n\n// output:  finish/more loops\n\n// is test on ?\nvar old = flow.get(\"_tsstart\");\nif (old === 0) return [];  // not in ping test\n\n// close this ping    \nvar back = Date.now();\ndelta = back - old;\n// fallback in case of timeout: keep alive\nif ((delta > 5000) || (delta < 20)) {\n        flow.set(\"_tsstart\", 0);\n        return ([null, msg]);\n}\n\n// accept, updates stats\nvar stats = flow.get(\"_pingstat\");\n//flow.set(\"pingstat\",{\n//     test: 0,\n//     total:0,\n//     min: 100000000000,\n//     max:0\n// set data    \nstats.sum += delta;\nif (stats.min > delta)\n        stats.min = delta;\nif (stats.max < delta)\n        stats.max = delta;\nstats.test++;\nstats.total--;\nflow.set(\"_pingstat\", stats);\nflow.set(\"_tsstart\", 0);\n\nif (stats.total > 0) {       // more  tests  to do\n        return [null, msg];\n}\n\n// done, does statistics & response msg  \nvar st = {\n        \"deviceId\": global.get('TUYABRDG'),\n        \"data\": {\n                \"dps\": {\n                        \"_tstPing\": {\n                                \"count\": stats.test,\n                                \"avg\": Math.floor(stats.sum / stats.test),\n                                \"max\": stats.max,\n                                \"min\": stats.min\n                        }\n                }\n        }\n};\nmsg.payload = st;\n// sends results  \nreturn ([msg, null]);\n\n",
        "outputs": 2,
        "noerr": 0,
        "initialize": "// init for ping test\nflow.set(\"_tsstart\", 0);\n\n\n",
        "finalize": "",
        "libs": [],
        "x": 730,
        "y": 460,
        "wires": [
            [
                "6eb69fb682542266"
            ],
            [
                "1cda41d53408e70d"
            ]
        ],
        "outputLabels": [
            "log result",
            "reset0"
        ]
    },
    {
        "id": "1cda41d53408e70d",
        "type": "delay",
        "z": "885794d873f674af",
        "name": "test delay 2",
        "pauseType": "delay",
        "timeout": "2",
        "timeoutUnits": "seconds",
        "rate": "1",
        "nbRateUnits": "1",
        "rateUnits": "second",
        "randomFirst": "1",
        "randomLast": "5",
        "randomUnits": "seconds",
        "drop": false,
        "allowrate": false,
        "outputs": 1,
        "x": 730,
        "y": 540,
        "wires": [
            [
                "f69299014c0ce5b6"
            ]
        ],
        "info": "delay between ping tests"
    },
    {
        "id": "0a391693eddda083",
        "type": "function",
        "z": "885794d873f674af",
        "name": "tuya_bridge selector ",
        "func": "// Select on dp and send to tuya-smart-device or handle new pseudo-DP commands.\n\nconst TUYABRDG = global.get('TUYABRDG'); // the user device-name\nconst o = context.global.alldevices.getODev(TUYABRDG);  \n\n//base message to log\nvar newMsg = {\n  payload: {\n    deviceId: o.id,\n    data: {\n      dps: {}\n    }\n  }\n};\n\nfunction GetOld() {\n  // stuff to get old value from tuyastatus\n  var uname = context.global.alldevices.getDpsName(o, \"_tstPing\");     // the dp user name\n  var old = global.get(\"tuyastatus\")[TUYABRDG][uname];\n  if (!(old)) old = \"none\";\n  newMsg.payload.data.dps[\"_tstPing\"] = old;\n  return (newMsg);\n}\n\n\n// ------------- main\n// schema case\nif (msg.payload.schema) {\n  // send GET _tstPing(old) + standard switch SCHEMA\n  return [msg, null, GetOld()]; \n}\n\nswitch (msg.payload.dps) {\n  case \"_tstPing\":   // is tstping;\n    if (msg.payload.operation == 'GET') {\n      return [null, null, GetOld()];\n    } else { // SET = start\n      flow.set(\"_pingstat\", {\n        // Pings number: user defined in trigger.config node.\n        total: flow.get('NPING'),\n        test: 0,\n        sum: 0,\n        min: 1000000,\n        max: 0,\n      });\n      newMsg.payload.data.dps[\"_tstPing\"] = \"started\";\n      return [null, msg, newMsg];\n    }\n    break;\n  // here future expansions\n  default:\n    // standard switch processing\n    return [msg, null];\n}\n\n\n\n\n\n",
        "outputs": 3,
        "noerr": 0,
        "initialize": "// initialize rigth value\n",
        "finalize": "",
        "libs": [],
        "x": 400,
        "y": 480,
        "wires": [
            [
                "29e378e3d71802ac"
            ],
            [
                "1cda41d53408e70d"
            ],
            [
                "6eb69fb682542266"
            ]
        ],
        "outputLabels": [
            "std",
            "tstping",
            ""
        ],
        "icon": "node-red/switch.svg",
        "info": "Set the node name only to the ping number required for the test"
    },
    {
        "id": "97f776e540df2f3a",
        "type": "subflow:8c3e9565d8d016c3",
        "z": "885794d873f674af",
        "name": "ping LOWGUARD",
        "env": [
            {
                "name": "TRGnumber",
                "value": "@global.get('LOWGUARD')",
                "type": "str"
            }
        ],
        "x": 1140,
        "y": 540,
        "wires": [
            [
                "eaa0294fa9bcaa60"
            ]
        ]
    },
    {
        "id": "f69299014c0ce5b6",
        "type": "function",
        "z": "885794d873f674af",
        "name": "start time",
        "func": "\nflow.set(\"_tsstart\", Date.now());\nreturn msg;",
        "outputs": 1,
        "noerr": 0,
        "initialize": "",
        "finalize": "",
        "libs": [],
        "x": 960,
        "y": 540,
        "wires": [
            [
                "97f776e540df2f3a"
            ]
        ]
    },
    {
        "id": "183f12d075199364",
        "type": "comment",
        "z": "885794d873f674af",
        "name": "tstPing",
        "info": "\n_tstPing  DP implementation",
        "x": 910,
        "y": 460,
        "wires": []
    },
    {
        "id": "6eb69fb682542266",
        "type": "link out",
        "z": "885794d873f674af",
        "name": "to core.logging",
        "mode": "link",
        "links": [
            "6c6aa7eeeadfcbcc"
        ],
        "x": 915,
        "y": 500,
        "wires": [],
        "icon": "node-red/arrow-in.svg"
    },
    {
        "id": "e7555082dde44cf8",
        "type": "link out",
        "z": "885794d873f674af",
        "name": "to ACK IN",
        "mode": "link",
        "links": [
            "fd8071339ca9c39b"
        ],
        "x": 1175,
        "y": 340,
        "wires": [],
        "icon": "font-awesome/fa-expand"
    },
    {
        "id": "efdc85c67319011f",
        "type": "inject",
        "z": "885794d873f674af",
        "name": "*test  SET:  trgPing",
        "props": [
            {
                "p": "payload.device",
                "v": "TUYABRDG",
                "vt": "global"
            },
            {
                "p": "payload.property",
                "v": "_tstPing",
                "vt": "str"
            },
            {
                "p": "payload.value",
                "v": "any",
                "vt": "str"
            }
        ],
        "repeat": "",
        "crontab": "",
        "once": false,
        "onceDelay": 0.1,
        "topic": "",
        "x": 140,
        "y": 1440,
        "wires": [
            [
                "35fa5039f6513aa4"
            ]
        ],
        "info": "Test custom function _tstping\n\nThis function does a test of the TRIGGER communication speed. A statistical valutation  of the total tuyaDAEMON -> tuya_bridge -> Tuya-cloud -> automation -> tuya_bridge -> tuyaDAEMON round trip time. \n\nThe timer start sending to tuya_bridge counter the SET(LOWGUARD) command, and stop at ACK (0) echo  from tuya_bridge device.\nThe test is done flow.NPING times (default 5, a good value) and result shows average, min. and max. values.\n\nImplementation\n    This test is implemented as a new custom tuya_bridge property (dp = 100), handled by the code in the core.trigger flow.\n    You MUST add this dp (and related friendly name, e.g. 'tstping') to tuya_bridge device in core.global.alldevices.\n    \nexpected result:\n   \n         [ \"TX SET: device 'tuya_bridge'/'…\", \"any\" ]            // command sended\n         [ \"RX: tuya_bridge/_tstPing\", \"started\" ]   // echo \n  \n  after 2s delay:\n         [ \"RX: 'tuya_bridge'/'trigger (re…\", 1050 ]             // echo tuyaDAEMON command\n  then     \n         [ \"RX: 'tuya_bridge'/'trigger (re…\", 0 ]                // echo ACK\n         \n  repeated NPING times, then:\n   \n         [ \"RX: 'tuya_bridge'/'tstping' \", object ]             // done: result\n         \n  if I open it (click the triangle) I get like:\n         array[2] \n           0: \"RX: 'tuya_bridge'/'tstping' \"\n           1: object\n             count: 5      \n             avg: 138    (times in ms)\n             max: 204\n             min: 112    \n  \n           \n             "
    },
    {
        "id": "c0f814668c92c1db",
        "type": "inject",
        "z": "885794d873f674af",
        "name": "*test  GET last  trgPing",
        "props": [
            {
                "p": "payload.device",
                "v": "TUYABRDG",
                "vt": "global"
            },
            {
                "p": "payload.property",
                "v": "_tstPing",
                "vt": "str"
            }
        ],
        "repeat": "",
        "crontab": "",
        "once": false,
        "onceDelay": 0.1,
        "topic": "",
        "x": 160,
        "y": 1480,
        "wires": [
            [
                "35fa5039f6513aa4"
            ]
        ],
        "info": "Standar GET for tstping.\n\n"
    },
    {
        "id": "1c567b64d7d10b09",
        "type": "inject",
        "z": "885794d873f674af",
        "name": "*statup delay",
        "props": [
            {
                "p": "payload"
            }
        ],
        "repeat": "",
        "crontab": "",
        "once": true,
        "onceDelay": "4",
        "topic": "",
        "payload": "",
        "payloadType": "date",
        "x": 470,
        "y": 160,
        "wires": [
            [
                "7ec546f3690600ea"
            ]
        ],
        "icon": "node-red/trigger.svg"
    },
    {
        "id": "7ec546f3690600ea",
        "type": "function",
        "z": "885794d873f674af",
        "name": "trigger flow startup",
        "func": "// Run as soon as possible after all 'On Start' and 'Global Config'.\n// note: the run order of all 'Global config' and all 'On Start' is undefined.\n// So, if some 'On Start' function  requires 'Global Config' data, palace it there.\n// --------------------------------------------------- standard\nconst asDEVICE = global.get(\"TUYABRDG\");     // singleton in alldevices\nconst asMODULE = \"modules.core_trigger\";\nconst VERSION = \"2.2.2\";\n\nfunction init_tuyastatus(odev) {\n    var pmDevName = context.global.alldevices.getDevName(odev);\n    // ---------------- inizializes global tuyastatus\n    let tstatus = \"tuyastatus['\" + pmDevName + \"']\";\n    // init using only _connected (not in alldevices), so does cleanup\n    global.set(tstatus, { _connected: true });\n    // init all GETable dps with default value\n    odev.dps.forEach(adp => {\n        if (['RW', 'WW', 'GW', 'RO', 'UNK', 'PUSH', undefined].includes(adp.capability)) {\n            // this access style required to handle spaces in usr-names\n            let dpname = \"['\" + (adp.name ? adp.name : adp.dp) + \"']\";\n            switch (adp.dp) {     // some special init:   \n                default:\n                    global.set(tstatus + dpname, \"none\");\n            }\n        }\n    });\n};\n\n// --------------------------------------------------- standard\nif (!global.get(\"coresetup\")) {\n    node.warn(\"TRIGGER STARTUP ERROR: adjust this startup delay.\");\n    return ([null]);\n}\n// --------------------- init startup for the flow.\nglobal.set(asMODULE, VERSION);  // update modules\n// access stuff\n// --- see also different implementation in 'core.core flow setup' node.\nlet oDev = context.global.alldevices.getODev(asDEVICE, \"real\");\nif (oDev === undefined) {\n    node.warn(\"[startup] ERROR: not found the device '\" + asDEVICE + \"' in global.alldevices.\");\n    return;\n}\ninit_tuyastatus(oDev);\n// --------------------------------------------- standard processing ends\n//\n// more flow init required now (and not in 'On Start') by some properties    \n// int all 'mirror' devices\ncontext.global.alldevices.fake.forEach(device => {\n    if ((!device.id.startsWith(\"_\")) && (device.id.length == 20)) {  // test mirror\n        init_tuyastatus(device);\n    };\n});\n\nreturn msg;",
        "outputs": 1,
        "noerr": 0,
        "initialize": "// nothing to do\n",
        "finalize": "\nglobal.set(\"modules.core_trigger\", undefined);\n",
        "libs": [],
        "x": 750,
        "y": 160,
        "wires": [
            []
        ]
    },
    {
        "id": "fb9885b662923288",
        "type": "comment",
        "z": "885794d873f674af",
        "name": "test Tuya_bridge switch (free)",
        "info": "\nTest some `tuya_bridge` device capabilities, NOT used by TRIGGER,\n so free for custom applications.\n\nRuquires core trigger 'Global TRIGGER config' node updated.\nFor the device \"switch-1CH\". (HW dependent)\n\nUsing a different device you maybe you must:\n - change some dp 'names' in commands\n - disable some tests if not handled by the actual device. \n\n",
        "x": 740,
        "y": 1200,
        "wires": []
    },
    {
        "id": "6ff2b983e731f893",
        "type": "inject",
        "z": "885794d873f674af",
        "name": "*test  SET: relay ON ",
        "props": [
            {
                "p": "payload.device",
                "v": "TUYABRDG",
                "vt": "global"
            },
            {
                "p": "payload.property",
                "v": "switch",
                "vt": "str"
            },
            {
                "p": "payload.value",
                "v": "ON",
                "vt": "str"
            }
        ],
        "repeat": "",
        "crontab": "",
        "once": false,
        "onceDelay": 0.1,
        "topic": "",
        "x": 750,
        "y": 1300,
        "wires": [
            [
                "b09f1a6d13a701de"
            ]
        ],
        "info": "Only the counter is used by TRIGGERs, this feature is free and can be used in any project.\n\nstandard set relay ON"
    },
    {
        "id": "b09f1a6d13a701de",
        "type": "link out",
        "z": "885794d873f674af",
        "name": "to core.std_cmds",
        "mode": "link",
        "links": [
            "c5aef2762e41cb22"
        ],
        "x": 1095,
        "y": 1260,
        "wires": []
    },
    {
        "id": "d288aaa235258150",
        "type": "inject",
        "z": "885794d873f674af",
        "name": "test GET relay status",
        "props": [
            {
                "p": "payload.device",
                "v": "TUYABRDG",
                "vt": "global"
            },
            {
                "p": "payload.property",
                "v": "switch",
                "vt": "str"
            }
        ],
        "repeat": "",
        "crontab": "",
        "once": false,
        "onceDelay": 0.1,
        "topic": "",
        "x": 750,
        "y": 1260,
        "wires": [
            [
                "b09f1a6d13a701de"
            ]
        ],
        "info": "Only the counter is used by TRIGGERs, this feature is free and can be used in any project.\n\nstandard read relay status"
    },
    {
        "id": "10bb84a7f4b3d7f5",
        "type": "inject",
        "z": "885794d873f674af",
        "name": "*test  SET: relay OFF",
        "props": [
            {
                "p": "payload.device",
                "v": "TUYABRDG",
                "vt": "global"
            },
            {
                "p": "payload.property",
                "v": "switch",
                "vt": "str"
            },
            {
                "p": "payload.value",
                "v": "OFF",
                "vt": "str"
            }
        ],
        "repeat": "",
        "crontab": "",
        "once": false,
        "onceDelay": 0.1,
        "topic": "",
        "x": 750,
        "y": 1340,
        "wires": [
            [
                "b09f1a6d13a701de"
            ]
        ],
        "info": "Only the counter is used by TRIGGERs, this feature is free and can be used in any project.\n\nStandard set relay OFF"
    },
    {
        "id": "dc5f01a2489adbf8",
        "type": "inject",
        "z": "885794d873f674af",
        "name": "SET default restart (memory)",
        "props": [
            {
                "p": "payload.device",
                "v": "TUYABRDG",
                "vt": "global"
            },
            {
                "p": "payload.property",
                "v": "on reset",
                "vt": "str"
            },
            {
                "p": "payload.value",
                "v": "memory",
                "vt": "str"
            }
        ],
        "repeat": "",
        "crontab": "",
        "once": false,
        "onceDelay": 0.1,
        "topic": "",
        "x": 780,
        "y": 1600,
        "wires": [
            [
                "9cf6b17884bfaaac"
            ]
        ],
        "info": "Only the counter is used by TRIGGERs, this feature is free and can be used in any project.\n\nStandard SET reset mode to 'memory'"
    },
    {
        "id": "ec9cd17426d60827",
        "type": "inject",
        "z": "885794d873f674af",
        "name": "*test  GET: restart ",
        "props": [
            {
                "p": "payload.device",
                "v": "TUYABRDG",
                "vt": "global"
            },
            {
                "p": "payload.property",
                "v": "on reset",
                "vt": "str"
            }
        ],
        "repeat": "",
        "crontab": "",
        "once": false,
        "onceDelay": 0.1,
        "topic": "",
        "x": 740,
        "y": 1560,
        "wires": [
            [
                "9cf6b17884bfaaac"
            ]
        ],
        "info": "Only the counter is used by TRIGGERs, this feature is free and can be used in any project.\n\nStandard GET actual relay reset mode"
    },
    {
        "id": "9cf6b17884bfaaac",
        "type": "link out",
        "z": "885794d873f674af",
        "name": "to core.std_cmd",
        "mode": "link",
        "links": [
            "c5aef2762e41cb22"
        ],
        "x": 1095,
        "y": 1520,
        "wires": []
    },
    {
        "id": "274579441435eb64",
        "type": "inject",
        "z": "885794d873f674af",
        "d": true,
        "name": "SET light mode default (none)",
        "props": [
            {
                "p": "payload.device",
                "v": "TUYABRDG",
                "vt": "global"
            },
            {
                "p": "payload.property",
                "v": "light mode",
                "vt": "str"
            },
            {
                "p": "payload.value",
                "v": "none",
                "vt": "str"
            }
        ],
        "repeat": "",
        "crontab": "",
        "once": false,
        "onceDelay": 0.1,
        "topic": "",
        "x": 780,
        "y": 1740,
        "wires": [
            [
                "8683d16c4601dfe9"
            ]
        ],
        "info": "Only the counter is used by TRIGGERs, this feature is free and can be used in any project.\n\nStandard SET light mode to 'none'"
    },
    {
        "id": "d513456e14ea6c85",
        "type": "inject",
        "z": "885794d873f674af",
        "d": true,
        "name": "*test  GET:  light mode",
        "props": [
            {
                "p": "payload.device",
                "v": "TUYABRDG",
                "vt": "global"
            },
            {
                "p": "payload.property",
                "v": "light mode",
                "vt": "str"
            }
        ],
        "repeat": "",
        "crontab": "",
        "once": false,
        "onceDelay": 0.1,
        "topic": "",
        "x": 760,
        "y": 1700,
        "wires": [
            [
                "8683d16c4601dfe9"
            ]
        ],
        "info": "Only the counter is used by TRIGGERs, this feature is free and can be used in any project.\n\nStandard GET actual light mode"
    },
    {
        "id": "8683d16c4601dfe9",
        "type": "link out",
        "z": "885794d873f674af",
        "name": "to core.std_cmd",
        "links": [
            "8a1da02d.424ae"
        ],
        "x": 1095,
        "y": 1660,
        "wires": []
    },
    {
        "id": "a2920da59908b8b0",
        "type": "inject",
        "z": "885794d873f674af",
        "name": "test SET default restart (ON)",
        "props": [
            {
                "p": "payload.device",
                "v": "TUYABRDG",
                "vt": "global"
            },
            {
                "p": "payload.property",
                "v": "on reset",
                "vt": "str"
            },
            {
                "p": "payload.value",
                "v": "ON",
                "vt": "str"
            }
        ],
        "repeat": "",
        "crontab": "",
        "once": false,
        "onceDelay": 0.1,
        "topic": "",
        "x": 780,
        "y": 1520,
        "wires": [
            [
                "9cf6b17884bfaaac"
            ]
        ],
        "info": "Only the counter is used by TRIGGERs, this feature is free and can be used in any project.\n\nStandard SET reset mode to ON"
    },
    {
        "id": "d1fd2dc83e50e71b",
        "type": "inject",
        "z": "885794d873f674af",
        "d": true,
        "name": "*test  SET: light mode (pos)",
        "props": [
            {
                "p": "payload.device",
                "v": "TUYABRDG",
                "vt": "global"
            },
            {
                "p": "payload.property",
                "v": "light mode",
                "vt": "str"
            },
            {
                "p": "payload.value",
                "v": "pos",
                "vt": "str"
            }
        ],
        "repeat": "",
        "crontab": "",
        "once": false,
        "onceDelay": 0.1,
        "topic": "",
        "x": 770,
        "y": 1660,
        "wires": [
            [
                "8683d16c4601dfe9"
            ]
        ],
        "info": "Only the counter is used by TRIGGERs, this feature is free and can be used in any project.\n\nStandard SET light mode "
    },
    {
        "id": "923085f79e8d49f8",
        "type": "inject",
        "z": "885794d873f674af",
        "d": true,
        "name": "*test  SET: backlight ON ",
        "props": [
            {
                "p": "payload.device",
                "v": "TUYABRDG",
                "vt": "global"
            },
            {
                "p": "payload.property",
                "v": "backlight",
                "vt": "str"
            },
            {
                "p": "payload.value",
                "v": "true",
                "vt": "str"
            }
        ],
        "repeat": "",
        "crontab": "",
        "once": false,
        "onceDelay": 0.1,
        "topic": "",
        "x": 760,
        "y": 1840,
        "wires": [
            [
                "a250d073160f1f93"
            ]
        ],
        "info": "Only the counter is used by TRIGGERs, this feature is free and can be used in any project.\n\nstandard set backlight ON"
    },
    {
        "id": "a250d073160f1f93",
        "type": "link out",
        "z": "885794d873f674af",
        "name": "to core.std_cmd",
        "links": [
            "8a1da02d.424ae"
        ],
        "x": 1095,
        "y": 1800,
        "wires": []
    },
    {
        "id": "bd3f78daa861b8e4",
        "type": "inject",
        "z": "885794d873f674af",
        "d": true,
        "name": "test GET backlight",
        "props": [
            {
                "p": "payload.device",
                "v": "TUYABRDG",
                "vt": "global"
            },
            {
                "p": "payload.property",
                "v": "backlight",
                "vt": "str"
            }
        ],
        "repeat": "",
        "crontab": "",
        "once": false,
        "onceDelay": 0.1,
        "topic": "",
        "x": 750,
        "y": 1800,
        "wires": [
            [
                "a250d073160f1f93"
            ]
        ],
        "info": "Only the counter is used by TRIGGERs, this feature is free and can be used in any project.\n\nstandard read backlight status"
    },
    {
        "id": "85fb06f67ef837d9",
        "type": "inject",
        "z": "885794d873f674af",
        "d": true,
        "name": "*test  SET: backlight OFF",
        "props": [
            {
                "p": "payload.device",
                "v": "TUYABRDG",
                "vt": "global"
            },
            {
                "p": "payload.property",
                "v": "backlight",
                "vt": "str"
            },
            {
                "p": "payload.value",
                "v": "false",
                "vt": "str"
            }
        ],
        "repeat": "",
        "crontab": "",
        "once": false,
        "onceDelay": 0.1,
        "topic": "",
        "x": 770,
        "y": 1880,
        "wires": [
            [
                "a250d073160f1f93"
            ]
        ],
        "info": "Only the counter is used by TRIGGERs, this feature is free and can be used in any project.\n\nStandard set backlight OFF"
    },
    {
        "id": "ec6c8191bc357271",
        "type": "inject",
        "z": "885794d873f674af",
        "d": true,
        "name": "*test  GET circulate ",
        "props": [
            {
                "p": "payload.device",
                "v": "TUYABRDG",
                "vt": "global"
            },
            {
                "p": "payload.property",
                "v": "circulate ",
                "vt": "str"
            }
        ],
        "repeat": "",
        "crontab": "",
        "once": false,
        "onceDelay": 0.1,
        "topic": "",
        "x": 750,
        "y": 1980,
        "wires": [
            [
                "8e3ff028175fc9c8"
            ]
        ],
        "info": "standard set relay ON"
    },
    {
        "id": "8e3ff028175fc9c8",
        "type": "link out",
        "z": "885794d873f674af",
        "name": "to core.std_cmd",
        "links": [
            "8a1da02d.424ae"
        ],
        "x": 1095,
        "y": 1940,
        "wires": []
    },
    {
        "id": "6a382453c9b9a292",
        "type": "inject",
        "z": "885794d873f674af",
        "d": true,
        "name": "test SET circulate 5m/7m 13-20 alldays",
        "props": [
            {
                "p": "payload.device",
                "v": "TUYABRDG",
                "vt": "global"
            },
            {
                "p": "payload.property",
                "v": "circulate ",
                "vt": "str"
            },
            {
                "p": "payload.value",
                "v": "[{\"active\":true,\"days\":\"SMTWTFS\",\"start\":\"13:00\",\"end\":\"20:00\",\"on\":\"00:05\",\"off\":\"00:07\"}]",
                "vt": "json"
            }
        ],
        "repeat": "",
        "crontab": "",
        "once": false,
        "onceDelay": 0.1,
        "topic": "",
        "x": 810,
        "y": 1940,
        "wires": [
            [
                "8e3ff028175fc9c8"
            ]
        ],
        "info": "Only the counter is used by TRIGGERs, this feature is free and can be used in any project.\n\n\nCirculate standard SET recirculate"
    },
    {
        "id": "e713c984f614029d",
        "type": "inject",
        "z": "885794d873f674af",
        "d": true,
        "name": "*SET: circulate default (none)",
        "props": [
            {
                "p": "payload.device",
                "v": "TUYABRDG",
                "vt": "global"
            },
            {
                "p": "payload.property",
                "v": "circulate",
                "vt": "str"
            },
            {
                "p": "payload.value",
                "v": "[]",
                "vt": "json"
            }
        ],
        "repeat": "",
        "crontab": "",
        "once": false,
        "onceDelay": 0.1,
        "topic": "",
        "x": 780,
        "y": 2020,
        "wires": [
            [
                "8e3ff028175fc9c8"
            ]
        ],
        "info": "Standard set relay OFF"
    },
    {
        "id": "8ab0ef63794bf8d2",
        "type": "inject",
        "z": "885794d873f674af",
        "d": true,
        "name": "*test  GET random",
        "props": [
            {
                "p": "payload.device",
                "v": "TUYABRDG",
                "vt": "global"
            },
            {
                "p": "payload.property",
                "v": "random",
                "vt": "str"
            }
        ],
        "repeat": "",
        "crontab": "",
        "once": false,
        "onceDelay": 0.1,
        "topic": "",
        "x": 750,
        "y": 2120,
        "wires": [
            [
                "46205f1e12b0e731"
            ]
        ],
        "info": "standard set relay ON"
    },
    {
        "id": "46205f1e12b0e731",
        "type": "link out",
        "z": "885794d873f674af",
        "name": "to core.std_cmd",
        "links": [
            "8a1da02d.424ae"
        ],
        "x": 1095,
        "y": 2080,
        "wires": []
    },
    {
        "id": "d45b04aa59755426",
        "type": "inject",
        "z": "885794d873f674af",
        "d": true,
        "name": "test SET random 08/10 alldays",
        "props": [
            {
                "p": "payload.device",
                "v": "TUYABRDG",
                "vt": "global"
            },
            {
                "p": "payload.property",
                "v": "random",
                "vt": "str"
            },
            {
                "p": "payload.value",
                "v": "{\"active\":true,\"days\":\"SMTWTFS\",\"start\":\"08:00\",\"end\":\"10:00\"}",
                "vt": "json"
            }
        ],
        "repeat": "",
        "crontab": "",
        "once": false,
        "onceDelay": 0.1,
        "topic": "",
        "x": 790,
        "y": 2080,
        "wires": [
            [
                "46205f1e12b0e731"
            ]
        ],
        "info": "standard read relay status"
    },
    {
        "id": "818be3636298dc56",
        "type": "inject",
        "z": "885794d873f674af",
        "d": true,
        "name": "*SET: random default (none)",
        "props": [
            {
                "p": "payload.device",
                "v": "TUYABRDG",
                "vt": "global"
            },
            {
                "p": "payload.property",
                "v": "random",
                "vt": "str"
            },
            {
                "p": "payload.value",
                "v": "[]",
                "vt": "json"
            }
        ],
        "repeat": "",
        "crontab": "",
        "once": false,
        "onceDelay": 0.1,
        "topic": "",
        "x": 780,
        "y": 2160,
        "wires": [
            [
                "46205f1e12b0e731"
            ]
        ],
        "info": "Standard set relay OFF"
    },
    {
        "id": "49b114cf18fe5fa4",
        "type": "inject",
        "z": "885794d873f674af",
        "d": true,
        "name": "test  GET inching",
        "props": [
            {
                "p": "payload.device",
                "v": "TUYABRDG",
                "vt": "global"
            },
            {
                "p": "payload.property",
                "v": "inching",
                "vt": "str"
            }
        ],
        "repeat": "",
        "crontab": "",
        "once": false,
        "onceDelay": 0.1,
        "topic": "",
        "x": 740,
        "y": 1420,
        "wires": [
            [
                "2d4391ebe4ad6677"
            ]
        ],
        "info": "Only the counter is used by TRIGGERs, this feature is free and can be used in any project.\n\nstandard GET inching,"
    },
    {
        "id": "2d4391ebe4ad6677",
        "type": "link out",
        "z": "885794d873f674af",
        "name": "to core.std_cmds",
        "mode": "link",
        "links": [
            "c5aef2762e41cb22"
        ],
        "x": 1095,
        "y": 1380,
        "wires": []
    },
    {
        "id": "7ad12b2221e2c27c",
        "type": "inject",
        "z": "885794d873f674af",
        "d": true,
        "name": "test SET inching  20s",
        "props": [
            {
                "p": "payload.device",
                "v": "TUYABRDG",
                "vt": "global"
            },
            {
                "p": "payload.property",
                "v": "inching",
                "vt": "str"
            },
            {
                "p": "payload.value",
                "v": "{\"inching\":true,\"delay\":20}",
                "vt": "json"
            }
        ],
        "repeat": "",
        "crontab": "",
        "once": false,
        "onceDelay": 0.1,
        "topic": "",
        "x": 750,
        "y": 1380,
        "wires": [
            [
                "2d4391ebe4ad6677"
            ]
        ],
        "info": "Only the counter is used by TRIGGERs, this feature is free and can be used in any project.\n\nstandard SET inching, i.e. auto shutoff time"
    },
    {
        "id": "a34783f8493b247f",
        "type": "inject",
        "z": "885794d873f674af",
        "d": true,
        "name": "*SET: inching default (none)",
        "props": [
            {
                "p": "payload.device",
                "v": "TUYABRDG",
                "vt": "global"
            },
            {
                "p": "payload.property",
                "v": "inching",
                "vt": "str"
            },
            {
                "p": "payload.value",
                "v": "[]",
                "vt": "json"
            }
        ],
        "repeat": "",
        "crontab": "",
        "once": false,
        "onceDelay": 0.1,
        "topic": "",
        "x": 780,
        "y": 1460,
        "wires": [
            [
                "2d4391ebe4ad6677"
            ]
        ],
        "info": "Only the counter is used by TRIGGERs, this feature is free and can be used in any project.\n\nReset inching to OFF"
    },
    {
        "id": "f13df312264dd6e8",
        "type": "subflow:8c3e9565d8d016c3",
        "z": "885794d873f674af",
        "name": "REDTRG20020",
        "env": [
            {
                "name": "TRGnumber",
                "value": "20020",
                "type": "str"
            }
        ],
        "x": 200,
        "y": 1660,
        "wires": [
            [
                "f91f7b1b0a3e911f"
            ]
        ],
        "info": "Test for REDTRG20020 (user command to Tuya-cloud), \n   implemented using REDTRG subflow.\n\nprecondition:\n   tuya_bridge device connected.\n\n   For this test it `is required a Tuya-cloud test automation`:\n     \n      if tuya_bridge counter 1 = 20020\n          then \n            tuya_bridge counter 1 = 0\n          and\n            <do_anything> (e.g. notification)\n            \nexpected result:\n  on debugpad the message:\n      [ \"RX: 'tuya_bridge'/'trigger (re…\", 0 ]\n and:         \n      <do_anything>  Tuya-cloud action.\n            "
    },
    {
        "id": "fadd6783c6fcc644",
        "type": "inject",
        "z": "885794d873f674af",
        "name": "go",
        "props": [
            {
                "p": "payload"
            },
            {
                "p": "topic",
                "vt": "str"
            }
        ],
        "repeat": "",
        "crontab": "",
        "once": false,
        "onceDelay": 0.1,
        "topic": "",
        "payload": "",
        "payloadType": "date",
        "x": 75,
        "y": 1660,
        "wires": [
            [
                "f13df312264dd6e8"
            ]
        ],
        "l": false
    },
    {
        "id": "f91f7b1b0a3e911f",
        "type": "link out",
        "z": "885794d873f674af",
        "name": "",
        "mode": "link",
        "links": [
            "c9f43698db6a94fd"
        ],
        "x": 425,
        "y": 1660,
        "wires": []
    },
    {
        "id": "40e0e78ae15d472a",
        "type": "inject",
        "z": "885794d873f674af",
        "name": "start TEST PING 24H",
        "props": [
            {
                "p": "payload.device",
                "v": "tuya_bridge",
                "vt": "str"
            },
            {
                "p": "payload.property",
                "v": "_testPing24H",
                "vt": "str"
            },
            {
                "p": "payload.value",
                "v": "{\"count\":72,\"timeout\":1200000}",
                "vt": "json"
            }
        ],
        "repeat": "",
        "crontab": "",
        "once": false,
        "onceDelay": 0.1,
        "topic": "",
        "x": 160,
        "y": 1520,
        "wires": [
            [
                "35fa5039f6513aa4"
            ]
        ],
        "info": "\nhttps://github.com/msillano/tuyaDAEMON/wiki/custom-device-_system#user-interface\n\nnote:\nThis is an example of command repetiton, build in \nGlobal.AllDevice structure, using 'share' capabilities.\n\nParm: \n\"timeout\":   test interval, [ms]  (e.g. 1200000 => 20 min)\n\"count\":     test number, e.g. 24 * 60 / timeout [min] = 72\n\nsee  https://github.com/msillano/tuyaDAEMON/wiki/custom-device-_system#user-interface\n"
    },
    {
        "id": "b36aae0731ddb4b8",
        "type": "inject",
        "z": "885794d873f674af",
        "name": "abort TEST PING 24H",
        "props": [
            {
                "p": "payload"
            },
            {
                "p": "topic",
                "vt": "str"
            }
        ],
        "repeat": "",
        "crontab": "",
        "once": false,
        "onceDelay": 0.1,
        "topic": "",
        "payload": "{\"device\":\"_system\",\"property\":\"_timerOFF\",\"value\":\"_testPing24H\"}",
        "payloadType": "json",
        "x": 160,
        "y": 1560,
        "wires": [
            [
                "35fa5039f6513aa4"
            ]
        ],
        "info": "_timerOFF\n   Abort timer 'test1', no _beep.\n   note: do it after 'timerON test1: delayed beep (20s)'\n   \n   see https://github.com/msillano/tuyaDAEMON/wiki/custom-device-_system#timer-functions\n   "
    }
]