[
    {
        "id": "66ca1554.e4c85c",
        "type": "subflow",
        "name": "REDTRG",
        "info": "Build a REDTRG SET command for the tuya_bridge device. \nUsed in 'mirror' devices.\n\n### Parameters\n\n   <dl class=\"message-properties\">\n        <dt>TRGnumber\n            <span class=\"property-type\">integer | string | @string</span>\n        </dt>\n        <dd>  A count value used as trigger command.\n \n - Uses [late binding](https://discourse.nodered.org/t/subflows-and-configuration-late-and-runtime-parameters-binding/60042) node (extended), and accepts:\n   - early binding:  a number | string, e.g. `7140`\n   - late binding: a string starting with 'global.' | 'flow.' | 'msg.' e.g. `global.MIRRORGUARD`\n   - evalued value: a string starting with '@', e.g. `@global.get('MIRRORGUARD') + 70 * 2`\n - runtime override: from `msg.TRGnumber` value\n        </dd>\n   </dl>\n\n### Inputs\n\nAny, used only to provoke the output or to override the parameter (`msg.TRGnumber`).\n\n### Outputs\n\nA **low level SET message** for the tuya_bridge device:\n````\n    object\n      {\n       \"payload\": {\n          \"dps\":<COUNTDP>, \n          \"set\": <TRGnumber>     \n          }}\n\n````\nIt can ben routed to `tuya_bridge_IN` input node of `core.trigger` flow.\n\n### Details\n\n- _convention_: REDTRIG nodes and related Tuya-cloud automation are named _REDTRGnnnnn_, where nnnnn is `TRGnumber`. \n\n- _hardware dependency_: the `dp` used is defined by `core.global.COUNTDP`.\n\n### References\n\nThe TRGnumber values are user defined. For the rules and the trigger values ranges, see _triggerMAP_ in `core_trigger` flow.<bR>\nSee also [trigger-info](https://github.com/msillano/tuyaDAEMON/wiki/tuyaTRIGGER-info)\n",
        "category": "",
        "in": [
            {
                "x": 60,
                "y": 80,
                "wires": [
                    {
                        "id": "da4079ee99ffcd9d"
                    }
                ]
            }
        ],
        "out": [
            {
                "x": 600,
                "y": 80,
                "wires": [
                    {
                        "id": "f0932848.b39158",
                        "port": 0
                    }
                ]
            }
        ],
        "env": [
            {
                "name": "TRGnumber",
                "type": "str",
                "value": "see triggerMAP",
                "ui": {
                    "type": "input",
                    "opts": {
                        "types": [
                            "str"
                        ]
                    }
                }
            }
        ],
        "meta": {},
        "color": "#A6BBCF",
        "inputLabels": [
            "any msg"
        ],
        "outputLabels": [
            "continue"
        ],
        "icon": "font-awesome/fa-arrow-right"
    },
    {
        "id": "f0932848.b39158",
        "type": "function",
        "z": "66ca1554.e4c85c",
        "name": "builds  X TRIGGER",
        "func": "const triggerDP = global.get('COUNTDP');  // tuya-bridge countdown\n\nxvalue = flow.get(\"TRGnumber\");\n\nxvalue = Number.isInteger(xvalue)? xvalue: parseInt(xvalue);\n\n//  SET by default\nvar trig = {\n       \"payload\": {\n          \"dps\":triggerDP.toString(),   // String required\n          \"set\": xvalue                 // Integer required\n          }\n}\n\nreturn trig ;",
        "outputs": 1,
        "noerr": 0,
        "initialize": "",
        "finalize": "",
        "libs": [],
        "x": 410,
        "y": 80,
        "wires": [
            []
        ],
        "info": "Make the low level command for tuya_bridge devices"
    },
    {
        "id": "da4079ee99ffcd9d",
        "type": "function",
        "z": "66ca1554.e4c85c",
        "name": "late binding",
        "func": "\nfunction _upadateParam(_pname){\n     var  _xvalue = env.get(_pname);\n     if (_xvalue){\n        let temp = _xvalue.toString().trim();\n        if (temp.startsWith('global.'))\n           _xvalue = global.get(temp.substring(7));\n        else if(temp.startsWith('flow.'))\n           _xvalue = flow.get(\"$parent.\"+ temp.substring(5));\n        else if(temp.startsWith('msg.'))\n           _xvalue = msg[temp.substring(4)];\n// extra eval           \n        else if(temp.startsWith('@'))\n           _xvalue = eval(temp.substring(1));\n      }\n      \n// optional: to set the parameter dynamically with a message property, same name\n      if(msg[_pname])\n           _xvalue = msg[_pname];\n           \n// save actual value in the (sub)flow context           \n      flow.set(_pname, _xvalue);\n      }\n      \n// CUSTOMIZE HERE\n// get actual values\n _upadateParam(\"TRGnumber\");\n // done\nreturn msg;\n\n",
        "outputs": 1,
        "noerr": 0,
        "initialize": "",
        "finalize": "",
        "libs": [],
        "x": 190,
        "y": 80,
        "wires": [
            [
                "f0932848.b39158"
            ]
        ],
        "info": "See [Subflows and configuration: late and runtime parameters binding](https://discourse.nodered.org/t/subflows-and-configuration-late-and-runtime-parameters-binding/60042)\n\nModified:\n- added evalued binding: @&lt;expression>  => eval(&lt;expression>). e.g. `@7000 + 70*2` \n- runtime override: uses `msg.TRGnumber`"
    },
    {
        "id": "81d3b584.14c888",
        "type": "subflow",
        "name": "do logging",
        "info": "This subflow simulates data received from a _real tuya device_, i.e. it builds an 'event' to be sent to the `core.logging` input.\n\nGeneral purpose, used to build events in mirror and fake devices.\n\n### Parameters\n<dl class=\"message-properties\">\n    <dt>remote <span class=\"property-type\">string | @string | NULL</span> </dt>\n    <dd>   the tuyaDEAMON instance (as in _core.global.remotemap_) or NULL.\n        \n - Default: NULL => delete 'remote' (i.e. local)\n - uses [late binding](https://discourse.nodered.org/t/subflows-and-configuration-late-and-runtime-parameters-binding/60042) node (extended), and accepts:\n      - early binding:  a string, e.g. `ANDROID`\n      - late binding: a string starting with 'global.' | 'flow.' | 'msg.' e.g. `global.instance_name`\n      - evalued value: a string starting with '@', e.g. `@global.get('instance_name')`\n- runtime override: from `msg.logging.remote` value\n\n </dd>\n    <dt>deviceID <span class=\"property-type\">string | @string (credential)</span> </dt>\n    <dd>   the device user-name or `ID` or `CID` (as in _core.global.alldevices_).\n \n -  uses [late binding](https://discourse.nodered.org/t/subflows-and-configuration-late-and-runtime-parameters-binding/60042) node (extended), and accepts:\n     - early binding:  a string, e.g. `core`\n     - late binding: a string starting with 'global.' | 'flow.' | 'msg.' e.g. `global.TUYABRDG`\n     - evalued value: a string starting with '@', e.g. `@\"tuya\"+\"_bridge\"`\n - runtime override: from `msg.logging.deviceID` value\n\n</dd>\n   <dt>propertyDP <span class=\"property-type\">string | @string</span> </dt>\n   <dd>   the data point ID or user.name (string: \"3\" or \"_version\")\n        \n-  uses [late binding](https://discourse.nodered.org/t/subflows-and-configuration-late-and-runtime-parameters-binding/60042) node (extended), and accepts:\n     - early binding:  a string, e.g. `foo`\n     - late binding: a string starting with 'global.' | 'flow.' | 'msg.' e.g. `global.COUNTDP`\n     - evalued value: a string starting with '@', e.g. `@global.get()`\n- runtime override: from `msg.logging.propertyDP` value\n\n</dd>\n<dt>value<span class=\"property-type\">any | @string | NULL</span></dt>\n<dd>  the new value from the device.\n        \n- Default: NULL => \"\"\n- uses [late binding](https://discourse.nodered.org/t/subflows-and-configuration-late-and-runtime-parameters-binding/60042) node (extended), and accepts:\n     - early binding:  a string, e.g. `foo`\n     - late binding: a string starting with 'global.' | 'flow.' | 'msg.' e.g. `global.instance_name`\n     - evalued value: a string starting with '@', e.g. `@Date.now()`\n- runtime override: from `msg.logging.value` value\n\n</dd> </dl>\n\n### Input\n\n  Any, used only to provoke the output, but values like `msg.logging.remote` can override the parameters.\n\n\n### Output\n\n````` \n  object\n     {\n    \"payload\": {\n        \"remote_from\" : <remote>,       // optional  \n        \"deviceId\": <deviceId>,\n        \"data\": {\n            \"dps\": {\n                \"<propertyDP>\" = <value>\n            }}}\n`````\n### References\nsee [native event format](https://github.com/msillano/tuyaDAEMON/wiki/tuyaDAEMON-as-event-processor#native-event-format).\n",
        "category": "",
        "in": [
            {
                "x": 140,
                "y": 80,
                "wires": [
                    {
                        "id": "4276113107f56397"
                    }
                ]
            }
        ],
        "out": [
            {
                "x": 700,
                "y": 80,
                "wires": [
                    {
                        "id": "6d1b2b8f.c5e554",
                        "port": 0
                    }
                ]
            }
        ],
        "env": [
            {
                "name": "remote",
                "type": "str",
                "value": "NULL",
                "ui": {
                    "type": "input",
                    "opts": {
                        "types": [
                            "str"
                        ]
                    }
                }
            },
            {
                "name": "deviceID",
                "type": "str",
                "value": "__PWRD__",
                "ui": {
                    "type": "input",
                    "opts": {
                        "types": [
                            "str",
                            "cred"
                        ]
                    }
                }
            },
            {
                "name": "propertyDP",
                "type": "str",
                "value": "required",
                "ui": {
                    "type": "input",
                    "opts": {
                        "types": [
                            "str"
                        ]
                    }
                }
            },
            {
                "name": "value",
                "type": "str",
                "value": "any value allowed",
                "ui": {
                    "type": "input",
                    "opts": {
                        "types": [
                            "str",
                            "num",
                            "bool",
                            "json",
                            "env"
                        ]
                    }
                }
            }
        ],
        "meta": {},
        "color": "#87A980",
        "inputLabels": [
            "trigger"
        ],
        "outputLabels": [
            "message"
        ],
        "icon": "node-red/debug.svg"
    },
    {
        "id": "6d1b2b8f.c5e554",
        "type": "function",
        "z": "81d3b584.14c888",
        "name": "format logging msg",
        "func": "    // builds a fake OUT message\n   var newMsg = {\n         \"payload\": {\n           \"remote_from\" : flow.get(\"remote\"),\n           \"deviceId\" : flow.get(\"deviceID\"),\n           \"data\":{\n                dps :{}\n                }\n            }\n        }\n  // late binding CUSTOM: special 'NULL' process for 'do Logging' subflow\n   if (newMsg.payload.remote_from === 'NULL')\n         delete(newMsg.payload.remote_from);\n  \n   newMsg.payload.data.dps[flow.get(\"propertyDP\").toString()] = ((flow.get(\"value\") === 'NULL')? \"\" : flow.get(\"value\"));\n\n   return (newMsg);\n",
        "outputs": 1,
        "noerr": 0,
        "initialize": "",
        "finalize": "",
        "libs": [],
        "x": 490,
        "y": 80,
        "wires": [
            []
        ],
        "info": "implements 'NULL' rules, format output object."
    },
    {
        "id": "4276113107f56397",
        "type": "function",
        "z": "81d3b584.14c888",
        "name": "late binding",
        "func": "\nfunction _upadateParam(_pname) {\n   var _xvalue = env.get(_pname);\n   if (_xvalue) {\n      const temp = _xvalue.toString().trim();\n      if (temp.startsWith('global.'))\n         _xvalue = global.get(temp.substring(7));\n      else if (temp.startsWith('flow.'))\n         // fom caller flow context        \n         _xvalue = flow.get(\"$parent.\" + temp.substring(5));\n      else if (temp.startsWith('msg.')) {\n         //    _xvalue = msg[temp.substring(4)]; // do  not works if it contains '.'\n         _xvalue = eval(temp);\n      }\n      // extra eval           \n      else if (temp.startsWith('@'))\n         _xvalue = eval(temp.substring(1));\n   }\n   // optional: to set the parameter dynamically with a message property\n   if ((msg.logging) && (msg.logging[_pname]))\n      _xvalue = msg.logging[_pname];\n\n   // save actual value in the (sub)flow context  \n   flow.set(_pname, _xvalue);\n}\n\n_upadateParam(\"remote\");\n_upadateParam(\"deviceID\");\n_upadateParam(\"propertyDP\");\n_upadateParam(\"value\");\n\n// done\nreturn msg;\n\n",
        "outputs": 1,
        "noerr": 0,
        "initialize": "",
        "finalize": "",
        "libs": [],
        "x": 270,
        "y": 80,
        "wires": [
            [
                "6d1b2b8f.c5e554"
            ]
        ],
        "info": "See [Subflows and configuration: late and runtime parameters binding](https://discourse.nodered.org/t/subflows-and-configuration-late-and-runtime-parameters-binding/60042)\n\nModified:\n- added evalued binding: @&lt;expression>  => eval(&lt;expression>). e.g. `@Date.now()` \n- runtime override: uses `msg.logging.xxx`"
    },
    {
        "id": "33917e45a4084979",
        "type": "tab",
        "label": "mirror_devices",
        "disabled": false,
        "info": "TRIIGER use examples\r\n\r\nTo be customized by the user.",
        "env": []
    },
    {
        "id": "a8f10e8b1e93c5fa",
        "type": "comment",
        "z": "33917e45a4084979",
        "name": "TRIGGER and MIRROR DEVICES  (readme) v. 2.2.2",
        "info": "This flow implements all TRIGGER and 'mirror' devices used by tuyaDAEMON.\n\nThis is just a collection of examples, which each user must customize according to their needs.\n\nHaving all triggers in one flow helps you see the whole picture and avoids some trivial mistakes, like using the same trigger multiple times.\n\nCustomization is very simple, taking advantage of some ad hoc subflows. Only in one case ('pick and execute' functions) is it necessary to write code in JScript.  \n\nnote: _depending on the device used, the `smartLife` user interface can vary._\nTo set the TRIGGER value required:\n - if allowed, just type the value\n - or use the slider with a pen to go near the target value (+/- 50) <br>\n      then use 'up'/'down' to get the exact value.\n - In some cases, faster to transform the value in HH:mm:ss",
        "x": 270,
        "y": 80,
        "wires": []
    },
    {
        "id": "ed2ec57f05ea9507",
        "type": "link out",
        "z": "33917e45a4084979",
        "name": "to TRIGGER.tuya_bridge_IN",
        "mode": "link",
        "links": [
            "c9f43698db6a94fd"
        ],
        "x": 705,
        "y": 460,
        "wires": []
    },
    {
        "id": "fbc3a9c93d49a2f4",
        "type": "inject",
        "z": "33917e45a4084979",
        "name": "test  REDTRG20020",
        "props": [
            {
                "p": "payload"
            }
        ],
        "repeat": "",
        "crontab": "",
        "once": false,
        "onceDelay": 0.1,
        "topic": "",
        "payload": "",
        "payloadType": "date",
        "x": 270,
        "y": 460,
        "wires": [
            [
                "7208d7121d462f77"
            ]
        ]
    },
    {
        "id": "9bff7a92.229d98",
        "type": "switch",
        "z": "33917e45a4084979",
        "name": "smoke detector",
        "property": "payload.tuyatrigger",
        "propertyType": "msg",
        "rules": [
            {
                "t": "eq",
                "v": "",
                "vt": "str"
            },
            {
                "t": "eq",
                "v": "30030",
                "vt": "str"
            },
            {
                "t": "eq",
                "v": "30100",
                "vt": "str"
            },
            {
                "t": "eq",
                "v": "30170",
                "vt": "str"
            },
            {
                "t": "eq",
                "v": "30240",
                "vt": "str"
            },
            {
                "t": "eq",
                "v": "30310",
                "vt": "str"
            },
            {
                "t": "eq",
                "v": "30380",
                "vt": "str"
            }
        ],
        "checkall": "true",
        "repair": false,
        "outputs": 7,
        "x": 500,
        "y": 760,
        "wires": [
            [],
            [
                "dfbd21ba.05302"
            ],
            [
                "41bd356c.fc27fc"
            ],
            [
                "f0d9e484.2247c8"
            ],
            [
                "50659a72.879d14"
            ],
            [
                "9c0ddbf6.c9b378"
            ],
            [
                "cb9729f6.064aa8"
            ]
        ],
        "info": "for my device\ndp = 102    // countdown"
    },
    {
        "id": "dfbd21ba.05302",
        "type": "subflow:81d3b584.14c888",
        "z": "33917e45a4084979",
        "name": "to log 30030: alarm ON",
        "env": [
            {
                "name": "deviceID",
                "value": "smoke_detector",
                "type": "str"
            },
            {
                "name": "propertyDP",
                "value": "30030",
                "type": "str"
            },
            {
                "name": "value",
                "value": "ON",
                "type": "str"
            },
            {
                "name": "fakeDP",
                "value": "1800",
                "type": "num"
            }
        ],
        "x": 850,
        "y": 640,
        "wires": [
            [
                "058d38826a56a6cc"
            ]
        ]
    },
    {
        "id": "41bd356c.fc27fc",
        "type": "subflow:81d3b584.14c888",
        "z": "33917e45a4084979",
        "name": "to log 30030: alarm OFF",
        "env": [
            {
                "name": "deviceID",
                "value": "smoke_detector",
                "type": "str"
            },
            {
                "name": "propertyDP",
                "value": "30030",
                "type": "str"
            },
            {
                "name": "value",
                "value": "OFF",
                "type": "str"
            },
            {
                "name": "fakeDP",
                "value": "1800",
                "type": "num"
            }
        ],
        "x": 850,
        "y": 680,
        "wires": [
            [
                "058d38826a56a6cc"
            ]
        ]
    },
    {
        "id": "f0d9e484.2247c8",
        "type": "subflow:81d3b584.14c888",
        "z": "33917e45a4084979",
        "name": "to log 30170: battery LOW",
        "env": [
            {
                "name": "deviceID",
                "value": "smoke_detector",
                "type": "str"
            },
            {
                "name": "propertyDP",
                "value": "30170",
                "type": "str"
            },
            {
                "name": "value",
                "value": "LOW",
                "type": "str"
            },
            {
                "name": "fakeDP",
                "value": "1820",
                "type": "num"
            }
        ],
        "x": 850,
        "y": 720,
        "wires": [
            [
                "058d38826a56a6cc"
            ]
        ]
    },
    {
        "id": "50659a72.879d14",
        "type": "subflow:81d3b584.14c888",
        "z": "33917e45a4084979",
        "name": "to log 30170: battery OK",
        "env": [
            {
                "name": "deviceID",
                "value": "smoke_detector",
                "type": "str"
            },
            {
                "name": "propertyDP",
                "value": "30170",
                "type": "str"
            },
            {
                "name": "value",
                "value": "OK",
                "type": "str"
            },
            {
                "name": "fakeDP",
                "value": "1820",
                "type": "num"
            }
        ],
        "x": 850,
        "y": 760,
        "wires": [
            [
                "058d38826a56a6cc"
            ]
        ]
    },
    {
        "id": "9c0ddbf6.c9b378",
        "type": "subflow:81d3b584.14c888",
        "z": "33917e45a4084979",
        "name": "to log 30310: silence ON",
        "env": [
            {
                "name": "deviceID",
                "value": "smoke_detector",
                "type": "str"
            },
            {
                "name": "propertyDP",
                "value": "30310",
                "type": "str"
            },
            {
                "name": "value",
                "value": "ON",
                "type": "str"
            },
            {
                "name": "fakeDP",
                "value": "1840",
                "type": "num"
            }
        ],
        "x": 850,
        "y": 800,
        "wires": [
            [
                "058d38826a56a6cc"
            ]
        ]
    },
    {
        "id": "cb9729f6.064aa8",
        "type": "subflow:81d3b584.14c888",
        "z": "33917e45a4084979",
        "name": "to log 30310: silence OFF",
        "env": [
            {
                "name": "deviceID",
                "value": "smoke_detector",
                "type": "str"
            },
            {
                "name": "propertyDP",
                "value": "30310",
                "type": "str"
            },
            {
                "name": "value",
                "value": "OFF",
                "type": "str"
            },
            {
                "name": "fakeDP",
                "value": "1840",
                "type": "num"
            }
        ],
        "x": 850,
        "y": 840,
        "wires": [
            [
                "058d38826a56a6cc"
            ]
        ]
    },
    {
        "id": "3b1a0cbbfb083c57",
        "type": "link in",
        "z": "33917e45a4084979",
        "name": "from TRIGGER.mirror events",
        "links": [
            "9c722072d8652d08"
        ],
        "x": 155,
        "y": 760,
        "wires": [
            [
                "9bff7a92.229d98"
            ]
        ]
    },
    {
        "id": "058d38826a56a6cc",
        "type": "link out",
        "z": "33917e45a4084979",
        "name": "to CORE.logging",
        "mode": "link",
        "links": [
            "6c6aa7eeeadfcbcc"
        ],
        "x": 1135,
        "y": 760,
        "wires": []
    },
    {
        "id": "71493ceb.b6f104",
        "type": "function",
        "z": "33917e45a4084979",
        "name": "smoke detector: pick and execute",
        "func": "// Implementation of GET/SET/SCHEMA/MULTIPLE  commands\n// for any 'fake' device\n//    1) the msg.to IS the device ID\n//    2) the msg.infodp IS the dp ID\n//    3) the msg.payload.device IS the device name (if it exists, or ID) used by tuyastatus\n//    4) the msg.payload.property IS the dp name (if it exists, or dP) used by tuyastatus\n// smoke detector accepts only SET, absorb all msg.\n// --------------- locals\n// mapping msg to outputs\nconst DEVID = \"here_smoke_id\";\n\n// test: DEVID GET command?\nfunction _isGetCommand(msx) {\n    return ((msx.to === DEVID) && (msx.infodp !== undefined) && (msx.payload.value === undefined));\n}\n\n// test: DEVID SET command?\nfunction _isSetCommand(msx) {\n    return ((msx.to === DEVID) && (msx.infodp !== undefined) && (msx.payload.value !== undefined));\n}\n\n\n// ------------- main\n// select and execute all commands for 'smoke detector'\n// accepts only SET. final: absorb all bad msg + error.\n\nif (_isSetCommand(msg)) { // test: is SET for DEVID?\n    switch (msg.infodp) {\n        case \"30310\":   // same as in global.alldevices, unique\n            // -----------  select by value - tolerant, 'false' accepts 'OFF','NO', 0, \"0\", \"\", [],[0],[[]], null, undefined :  see https://stackoverflow.com/questions/359494/which-equals-operator-vs-should-be-used-in-javascript-comparisons\n            if (context.global.dataencode.BOOLEANONOFF(msg.payload.value))\n                return ([msg]); // true: output#1\n            return ([null, msg]); //false: output#2\n    }\n}\n\n// default: warning, bad command\nif (msg.to === DEVID) {\n    node.warn([\"Unknown command for the smoke detector.\", msg]);\n}\n\n",
        "outputs": 2,
        "noerr": 0,
        "initialize": "",
        "finalize": "",
        "libs": [],
        "x": 380,
        "y": 1040,
        "wires": [
            [
                "6c452e2f.f77e"
            ],
            [
                "51abfb8.0f92a04"
            ]
        ]
    },
    {
        "id": "369ab28b.348ebe",
        "type": "link in",
        "z": "33917e45a4084979",
        "name": "from CORE.to fake devices",
        "links": [
            "22239fa409a62d51"
        ],
        "x": 155,
        "y": 1040,
        "wires": [
            [
                "71493ceb.b6f104"
            ]
        ]
    },
    {
        "id": "6c452e2f.f77e",
        "type": "subflow:66ca1554.e4c85c",
        "z": "33917e45a4084979",
        "name": "50050   SET silence ON",
        "env": [
            {
                "name": "TRGnumber",
                "value": "50050",
                "type": "str"
            }
        ],
        "x": 680,
        "y": 1020,
        "wires": [
            [
                "83ab4822.a4d028"
            ]
        ]
    },
    {
        "id": "83ab4822.a4d028",
        "type": "link out",
        "z": "33917e45a4084979",
        "name": "to trigger.tuya_bridge_IN",
        "mode": "link",
        "links": [
            "c9f43698db6a94fd"
        ],
        "x": 975,
        "y": 1040,
        "wires": []
    },
    {
        "id": "51abfb8.0f92a04",
        "type": "subflow:66ca1554.e4c85c",
        "z": "33917e45a4084979",
        "name": "50120  SET silence OFF",
        "env": [
            {
                "name": "TRGnumber",
                "value": "50120",
                "type": "str"
            }
        ],
        "x": 690,
        "y": 1060,
        "wires": [
            [
                "83ab4822.a4d028"
            ]
        ]
    },
    {
        "id": "7208d7121d462f77",
        "type": "subflow:66ca1554.e4c85c",
        "z": "33917e45a4084979",
        "name": "REDTRG20020",
        "env": [
            {
                "name": "TRGnumber",
                "value": "20020",
                "type": "str"
            }
        ],
        "x": 500,
        "y": 460,
        "wires": [
            [
                "ed2ec57f05ea9507"
            ]
        ]
    },
    {
        "id": "4c73e228e929950d",
        "type": "comment",
        "z": "33917e45a4084979",
        "name": "TUYATRG  (MAP:  10010..20019)",
        "info": "Here TRIGGERs from `Tuya` to `node-red` to fire user action on tuyaDAEMON.\n**[automation (user|event)] => TUYATRG => [any TuyaDAEMO action]**\n\n\nThe source is Tuya: a `scene` (user action) or an `automation` (event) sets the countdown to the required value.\n\n### EXAMPLE\n\n -  To test, a scene (tap-to-run) is required on Tuya:\n````\n     if tap-to-run \n             tuya_bridge countdown: 10010\n````\n - Add some nodes to 'TUYATRG10010' link. Enough a DEBUG node. \n \n - Activating the scene in `smartLife`, a message is shown in `debugPad`.\n",
        "x": 230,
        "y": 200,
        "wires": []
    },
    {
        "id": "15ebc3654e903de3",
        "type": "comment",
        "z": "33917e45a4084979",
        "name": "REDTRG  (MAP:   20020..29959)",
        "info": "Here TRIGGERs from `node-red` to `Tuya` to fire user action on Tuya.\n**[node-red message] => REDTRG => [any Tuya action (scene)]**\n\nThe source is `node-red`: for a test use the 'test REDTRG20020' input node.\n\nAdd one automation to Tuya to do the required action.\n\n### EXAMPLE\n\n -  To test, a simple automation on Tuya:\n````\n     if tuya_bridge countdown = 20020\n             tuya_bridge countdown <= 0    // ACK mandatory\n        and  message                       // user action\n````\n \n  - Activating the input in `tuyaDAEMON`, a message is shown on the phone.",
        "x": 230,
        "y": 380,
        "wires": []
    },
    {
        "id": "82d8cbee6fe5b521",
        "type": "comment",
        "z": "33917e45a4084979",
        "name": "MIRROR device 'smoke detector' events (MAP: 30030..50049)",
        "info": "The incoming TUYATRG is converted to `device/property/value` and sent to tuyaDAEMON ('to logging' link) for standard processing.<br>\n**[automation(property/value)] => TUYATRG => [tuyaDAEMON message] => [CORE]**\n\n### EXAMPLE\n\nThis implementation is done following the [mirror device 'Smoke_Detector': case study](https://github.com/msillano/tuyaDAEMON/wiki/mirror-device-'Smoke_Detector':-case-study)\n\n1. _Seven Tuya automation_ are required to generate all **TUYATRGs**.\n2. A `switch` node selects the TRIGGERs using the `payload.tuyatrigger` value in the incoming node-red message.\n3. A subflow `do logging` builds the standard TuyaDEAMON device message `remote/device/property/value` for the CORE process.\n",
        "x": 320,
        "y": 580,
        "wires": []
    },
    {
        "id": "a06dfa941f604f0a",
        "type": "comment",
        "z": "33917e45a4084979",
        "name": "MIRROR device 'smoke detector' commands  (MAP:  50050..70069)",
        "info": "The incoming Tuya command (`device/property/value`) is converted to TRIGGER and sent to tuya_bridge.<br>\n**[message] => REDTRG => [automation] => property/value**\n\n### EXAMPLE\n\nThis implementation is done following the [mirror device 'Smoke_Detector': case study](https://github.com/msillano/tuyaDAEMON/wiki/mirror-device-'Smoke_Detector':-case-study)\n\n1. A `pick and execute` node selects the TRIGGER using the `property` and `value` of the incoming tuyaDEAMON message.\n2. A subflow `REDTRG` builds the correct command for `tuya_bridge`.\n3. In Tuya an automation sends the ACK and then set the required `property` at the right `value`.\n",
        "x": 340,
        "y": 960,
        "wires": []
    },
    {
        "id": "1d16ae29623ea585",
        "type": "switch",
        "z": "33917e45a4084979",
        "name": "Tuya trigger selector",
        "property": "payload.tuyatrigger",
        "propertyType": "msg",
        "rules": [
            {
                "t": "eq",
                "v": "10010",
                "vt": "num"
            }
        ],
        "checkall": "true",
        "repair": false,
        "outputs": 1,
        "x": 520,
        "y": 280,
        "wires": [
            [
                "78d04423bc7a60dc"
            ]
        ]
    },
    {
        "id": "1c054ced9cb3bc9c",
        "type": "link in",
        "z": "33917e45a4084979",
        "name": "from TRIGGER.user events",
        "links": [
            "c0057180f9fecfa9"
        ],
        "x": 155,
        "y": 280,
        "wires": [
            [
                "1d16ae29623ea585"
            ]
        ]
    },
    {
        "id": "78d04423bc7a60dc",
        "type": "link out",
        "z": "33917e45a4084979",
        "name": "TUYATRG10010",
        "mode": "link",
        "links": [],
        "x": 770,
        "y": 280,
        "wires": [],
        "l": true
    }
]