      {
         "name": "device-unique-user-name",
         "id": "device-id",
         "power": "AC",
         "capability": ["SET","GET"],
         "dps": [
            {
               "dp": 1,
               "name": "relay",
               "type": "string",
               "comment_01": "Values: ON|OFF"
            },
            {
               "dp": "1ans",
               "name": "share relay",
               "capability": "PUSH",
               "type": "string",
               "comment_01": "Values: see dp 1"
            },
            {
               "dp": 2,
               "name": "switch",
               "type": "string",
               "comment_01": "Values: ON|OFF"
            },
            {
               "dp": "2ans",
               "name": "share switch",
               "capability": "PUSH",
               "type": "string",
               "comment_01": "Values: see dp 2"
            },
            {
               "dp": 3,
               "name": "toggle timer",
               "capability": "WO",
               "comment_01": "Values: any"
            },
            {
               "dp": 4,
               "name": "adjust water",
               "capability": "RO",
               "type": "number",
               "comment_01": "Values: 0...100 (%)"
            },
            {
               "dp": 5,
               "name": "waterweek",
               "type": "int",
               "comment_01": "Values: 0.... "
            },
            {
               "dp": 6,
               "name": "reset",
               "capability": "WO",
               "comment_01": "Values: any"
            },
            {
               "dp": 42,
               "name": "circulate",
               "type": "binary",
               "comment_01": "Values: decoded: array of {active: true|false, day:SMTWTFS|DLMMGVS, start HH:MM, end: HH:MM, on: HH:MM, off: HH:MM}"
            },
            {
               "dp": "42ans",
               "name": "timer circulate",
               "capability": "PUSH",
               "type": "binary",
               "comment_01": "Values: see dp 42"
            },
            {
               "dp": 111,
               "name": "timer connected",
               "capability": "PUSH",
               "type": "boolean",
               "comment_01": "Values: true|false "
            },
            {
               "dp": 112,
               "name": "main connected",
               "capability": "PUSH",
               "type": "boolean",
               "comment_01": "Values: true|false"
            },
            {
               "dp": 201,
               "name": "Temp",
               "capability": "PUSH",
               "type": "int",
               "comment_01": "Values: -20... +50 \u00b0C"
            },
            {
               "dp": 202,
               "name": "RH",
               "capability": "PUSH",
               "type": "int",
               "comment_01": "Values: 0..100 %"
            }
         ]
      },
