{
	"device": "_trigger",
	"capability": [
		"SET",
		"GET",
		"SCHEMA"
	],
	"dps": [
		{
			"dp": "_testPing24H",
			"comment": "NO code implementation, only 'share'",
			"capability": "SKIP",
			"share": [
				{
					"test": [
						"msg.info.value.count > 0"
					],
					"action": [
						{
							"device": "tuya_bridge",
							"property": "_tstPing",
							"value": true
						},
						{
							"device": "_system",
							"property": "_timerON",
							"value": {
								"timeout": "@msg.info.value.timeout",
								"id": "_testPing24H",
								"alarmPayload": {
									"device": "tuya_bridge",
									"property": "_testPing24H",
									"value": {
										"count": "@msg.info.value.count -1",
										"timeout": "@msg.info.value.timeout"
									}
								}
							}
						}
					]
				}
			]
		},
		{
			"dp": "_tstPing"
		}
	]
}