      {
         "device": "Temperature_Humidity_Sensor_2",
         "power": "BAT",
         "capability": ["GET","SCHEMA"],
         "dps": [
            {
               "dp": 1,
               "name": "temperatrure",
               "capability": "PUSH",
               "typefield": "BYTESMALLFLOAT"
            },
            {
               "dp": 2,
               "name": "humidity",
               "capability": "PUSH",
               "typefield": "BYTESMALLFLOAT"
            },
            {
               "dp": 4,
               "name": "battery",
               "capability": "PUSH"
            }
         ]
      }
