      {
         "device": "TRV_Thermostatic_Radiator_Valve",
         "power": "BAT",
         "capability": ["SET"],
         "dps": [
            {
               "dp": 3,
               "name": "Working Condition"
            },
            {
               "dp": 8,
               "name": "Open windows sensitivity",
               "capability": "WO",
               "typefield": "BOOLEANONOFF"
            },
            {
               "dp": 10,
               "name": "Antifreeze",
               "capability": "WO",
               "typefield": "BOOLEANONOFF"
            },
            {
               "dp": 27,
               "name": "Temperature Calibration",
               "capability": "WO",
               "type": "int"
            },
            {
               "dp": 40,
               "name": "Lock",
               "capability": "WO",
               "typefield": "BOOLEANONOFF"
            },
            {
               "dp": 101,
               "name": "Switch",
               "capability": "WO",
               "typefield": "BOOLEANONOFF"
            },
            {
               "dp": 102,
               "name": "Temperature",
               "capability": "PUSH",
               "typefield": "BYTESMALLFLOAT"
            },
            {
               "dp": 103,
               "name": "Target T",
               "capability": "WO",
               "typefield": "BYTESMALLFLOAT"
            },
            {
               "dp": 104,
               "name": "Heating time"
            },
            {
               "dp": 105,
               "name": "battery level alarm",
               "capability": "PUSH"
            },
            {
               "dp": 106,
               "name": "Away mode",
               "capability": "WO",
               "typefield": "BOOLEANONOFF"
            },
            {
               "dp": 107,
               "name": "Programming mode"
            },
            {
               "dp": 108,
               "name": "Day program",
               "capability": "WO",
               "typefield": "BOOLEANONOFF"
            },
            {
               "dp": 109,
               "name": "Programming data (obsolete)",
               "capability": "WO"
            },
            {
               "dp": 110,
               "name": "Hist. day target T",
               "capability": "PUSH",
               "typefield": "ARRAY8INT"
            },
            {
               "dp": 111,
               "name": "System time synchronization"
            },
            {
               "dp": 112,
               "name": "Hist. week target T",
               "capability": "PUSH",
               "typefield": "ARRAY8INT"
            },
            {
               "dp": 113,
               "name": "Hist. month target T",
               "capability": "PUSH",
               "typefield": "ARRAY8INT"
            },
            {
               "dp": 114,
               "name": "Hist. year target T",
               "capability": "PUSH",
               "typefield": "ARRAY8INT"
            },
            {
               "dp": 115,
               "name": "Hist. day real T",
               "capability": "PUSH",
               "typefield": "ARRAY8INT"
            },
            {
               "dp": 116,
               "name": "Hist. week real T",
               "capability": "PUSH",
               "typefield": "ARRAY8INT"
            },
            {
               "dp": 117,
               "name": "Hist. month real T",
               "capability": "PUSH",
               "typefield": "ARRAY8INT"
            },
            {
               "dp": 118,
               "name": "Hist. year real T",
               "capability": "PUSH",
               "typefield": "ARRAY8INT"
            },
            {
               "dp": 119,
               "name": "Hist. day % power",
               "capability": "PUSH",
               "typefield": "ARRAY8INT"
            },
            {
               "dp": 120,
               "name": "Hist. week % power",
               "capability": "PUSH",
               "typefield": "ARRAY8INT"
            },
            {
               "dp": 121,
               "name": "Hist. month % power",
               "capability": "PUSH",
               "typefield": "ARRAY8INT"
            },
            {
               "dp": 122,
               "name": "Hist. year % power",
               "capability": "PUSH",
               "typefield": "ARRAY8INT"
            },
            {
               "dp": 123,
               "name": "Monday target T",
               "capability": "PUSH",
               "typefield": "STRUCTARGETTEMP"
            },
            {
               "dp": 124,
               "name": "Tuesday target T",
               "capability": "PUSH",
               "typefield": "STRUCTARGETTEMP"
            },
            {
               "dp": 125,
               "name": "Friday target T",
               "capability": "PUSH",
               "typefield": "STRUCTARGETTEMP"
            },
            {
               "dp": 126,
               "name": "Thursday target T",
               "capability": "PUSH",
               "typefield": "STRUCTARGETTEMP"
            },
            {
               "dp": 127,
               "name": "Friday target T",
               "capability": "PUSH",
               "typefield": "STRUCTARGETTEMP"
            },
            {
               "dp": 128,
               "name": "Saturday target T",
               "capability": "PUSH",
               "typefield": "STRUCTARGETTEMP"
            },
            {
               "dp": 129,
               "name": "Sunday target T",
               "capability": "PUSH",
               "typefield": "STRUCTARGETTEMP"
            },
            {
               "dp": 130,
               "name": "Water scale proof",
               "capability": "WO",
               "typefield": "BOOLEANONOFF"
            }
         ]
      }
