      {
         "device": "Auriol_IAN_114435",
         "power": "BAT",
         "capability": ["NONE"],
         "dps": [
            {
               "dp": "_battery_low",
               "capability": "PUSH"
            },
            {
               "dp": "_day",
               "capability": "PUSH"
            },
            {
               "dp": "_dew_point",
               "capability": "PUSH"
            },
            {
               "dp": "_heat_index",
               "capability": "PUSH"
            },
            {
               "dp": "_humidity",
               "capability": "PUSH"
            },
            {
               "dp": "_rain_day_mm",
               "capability": "PUSH"
            },
            {
               "dp": "_rain_tot_mm",
               "capability": "PUSH"
            },
            {
               "dp": "_temperature_c",
               "capability": "PUSH"
            },
            {
               "dp": "_wind_avg_m_s",
               "capability": "PUSH"
            },
            {
               "dp": "_wind_chill",
               "capability": "PUSH"
            },
            {
               "dp": "_wind_daymax_m_s",
               "capability": "PUSH"
            },
            {
               "dp": "_wind_max_m_s",
               "capability": "PUSH"
            },
            {
               "dp": "_win_dir_deg",
               "capability": "PUSH"
            }
         ]
      }
