[
    {
        "id": "ad03aff2b2d1e709",
        "type": "tab",
        "label": "nr_Tuya_OpenAPI_2.0",
        "disabled": false,
        "info": "\r\n\r\n# Tuya Cloud API in node-red, V2.0\r\n\r\nThis project is derived from the project by NotEnoughTech (https://github.com/notenoughtech/NodeRED-Projects/tree/master/Tuya%20Cloud%20API)\r\n\r\nThe **nr_Tuya_OpenAPI_2.0** is minimal, for user test and API exploration.\r\n\r\n- SET 'client_id', 'device_id' and regional [tuya data center](https://github.com/tuya/tuya-home-assistant/blob/main/docs/regions_dataCenters.md) in  'Settings CLICK 'On Start' TAB' node una tantum. \r\n\r\n- SET SecretKey in (all) 'Sign signStr with secret' nodes\r\n\r\n---\r\n\r\nnotes:\r\n - You will need to add `node-red-contrib-crypto-js-dynamic` from palette manager.\r\n \r\n - TuyaAPI uses 'codes' (tuya names for DPs) and not DPs. The output of the 'Get SCHEMA V2.0' flow maps DPs <=> codes.\r\n \r\n - All flows are very similar, with a few differences - read the flow comments node for the required customizations\r\n \r\n Error nassages:\r\n  \"token invalid\": do token or token refresh API\r\n  \"sign invalid\": usually bad values in second function node.\r\n\r\nreferences:\r\n\r\nOpenAPI: https://developer.tuya.com/en/docs/cloud\r\n",
        "env": []
    },
    {
        "id": "6de709e50e266612",
        "type": "function",
        "z": "ad03aff2b2d1e709",
        "name": "",
        "func": "var device_id = flow.get(\"device_id\");\nvar APIurl = \"/v1.0/iot-03/devices/\"+device_id+\"/specification\";\nvar t = msg.time;\nvar method = \"GET\";\nvar client_id  = flow.get(\"tuya_client_id\");\nvar url  = flow.get(\"data_center\");\nvar creds = flow.get(\"tuya\");\nvar token = creds.access_token;\nvar sign = msg.payload;\nmsg.headers ={\n \"sign_method\": \"HMAC-SHA256\",\n \"client_id\" : client_id,\n \"t\": t.toString(),\n \"mode\" : \"cors\",\n \"Content-Type\": \"application/json\",\n \"sign\": sign.toUpperCase(),\n \"access_token\" : token\n },\n msg.payload = '';\n msg.url = url + APIurl;\n msg.method = \"GET\";\nreturn msg;",
        "outputs": 1,
        "noerr": 0,
        "initialize": "",
        "finalize": "",
        "libs": [],
        "x": 880,
        "y": 700,
        "wires": [
            [
                "d0b465af305d83fd"
            ]
        ]
    },
    {
        "id": "d0b465af305d83fd",
        "type": "http request",
        "z": "ad03aff2b2d1e709",
        "name": "",
        "method": "use",
        "ret": "obj",
        "paytoqs": "ignore",
        "url": "",
        "tls": "",
        "persist": false,
        "proxy": "",
        "authType": "",
        "x": 1050,
        "y": 700,
        "wires": [
            [
                "46baad4b0451f28b"
            ]
        ]
    },
    {
        "id": "a4387f4069ddc9da",
        "type": "inject",
        "z": "ad03aff2b2d1e709",
        "name": "",
        "props": [
            {
                "p": "time",
                "v": "",
                "vt": "date"
            }
        ],
        "repeat": "",
        "crontab": "",
        "once": false,
        "onceDelay": 0.1,
        "topic": "",
        "x": 215,
        "y": 700,
        "wires": [
            [
                "a475519cb1232c18"
            ]
        ],
        "l": false
    },
    {
        "id": "a475519cb1232c18",
        "type": "function",
        "z": "ad03aff2b2d1e709",
        "name": "Create signStr",
        "func": "var creds = flow.get(\"tuya\");\nvar access_token = creds.access_token;\nvar device_id = flow.get(\"device_id\");\nvar t = msg.time;\nvar client_id  = flow.get(\"tuya_client_id\");\nvar token = access_token;\nvar method = \"GET\";\n\nvar sign_url = \"/v1.0/iot-03/devices/\"+device_id+\"/specification\";\n// \nvar content_hash = \"e3b0c44298fc1c149afbf4c8996fb92427ae41e4649b934ca495991b7852b855\";\nvar string_to_sign = method+\"\\n\"+content_hash+\"\\n\"+\"\"+\"\\n\"+sign_url;\nvar signStr = client_id+token+t+string_to_sign;\n\nmsg.payload = signStr;\nmsg.time = msg.time;\n\nreturn msg;",
        "outputs": 1,
        "noerr": 0,
        "initialize": "",
        "finalize": "",
        "libs": [],
        "x": 420,
        "y": 700,
        "wires": [
            [
                "ab4e9e9f1cbf7bb8"
            ]
        ]
    },
    {
        "id": "b41bd8d7855c265f",
        "type": "function",
        "z": "ad03aff2b2d1e709",
        "name": "",
        "func": "var APIurl = \"/v1.0/token?grant_type=1\";\n\nvar t = msg.time;\nvar sign = msg.payload;\nvar client_id  = flow.get(\"tuya_client_id\");\nvar url  = flow.get(\"data_center\");\n\nmsg.method = \"GET\";\nmsg.headers ={\n \"sign_method\": \"HMAC-SHA256\",\n \"client_id\" : client_id,\n \"t\": t.toString(),\n \"sign\": sign.toUpperCase(),\n },\n msg.payload = '';\n msg.url = url + APIurl;\nreturn msg;",
        "outputs": 1,
        "noerr": 0,
        "initialize": "",
        "finalize": "",
        "libs": [],
        "x": 840,
        "y": 280,
        "wires": [
            [
                "bcb1f829ad1b0490"
            ]
        ]
    },
    {
        "id": "bcb1f829ad1b0490",
        "type": "http request",
        "z": "ad03aff2b2d1e709",
        "name": "",
        "method": "use",
        "ret": "obj",
        "paytoqs": "ignore",
        "url": "",
        "tls": "",
        "persist": false,
        "proxy": "",
        "authType": "",
        "x": 1050,
        "y": 280,
        "wires": [
            [
                "b9d8efc237805ac2"
            ]
        ]
    },
    {
        "id": "4461974c7208e4d3",
        "type": "inject",
        "z": "ad03aff2b2d1e709",
        "name": "",
        "props": [
            {
                "p": "time",
                "v": "",
                "vt": "date"
            }
        ],
        "repeat": "",
        "crontab": "",
        "once": false,
        "onceDelay": 0.1,
        "topic": "",
        "x": 215,
        "y": 280,
        "wires": [
            [
                "f4e1123689f48be2"
            ]
        ],
        "l": false
    },
    {
        "id": "f4e1123689f48be2",
        "type": "function",
        "z": "ad03aff2b2d1e709",
        "name": "Create signStr",
        "func": "var client_id  = flow.get(\"tuya_client_id\");\nvar t = msg.time;\n\n\nvar method = \"GET\";\nvar sign_url = \"/v1.0/token?grant_type=1\";\n\n// Couldn't get nodered to process an empty string so this is a hash of an empty file\nvar content_hash = \"e3b0c44298fc1c149afbf4c8996fb92427ae41e4649b934ca495991b7852b855\";\nvar string_to_sign = method+\"\\n\"+content_hash+\"\\n\"+\"\"+\"\\n\"+sign_url;\nvar signStr = client_id+t+string_to_sign;\n\nmsg.payload = signStr;\nmsg.time = msg.time;\n\nreturn msg;",
        "outputs": 1,
        "noerr": 0,
        "initialize": "",
        "finalize": "",
        "libs": [],
        "x": 420,
        "y": 280,
        "wires": [
            [
                "f225841459d1d9ff"
            ]
        ]
    },
    {
        "id": "794a04821d141cd9",
        "type": "comment",
        "z": "ad03aff2b2d1e709",
        "name": "Get Access Token  V1.0 (Get_a_Token)",
        "info": "Each OAuth token is valid for two hours.\n\n\nTuya API Reference: https://developer.tuya.com/en/docs/cloud/6c1636a9bd",
        "x": 330,
        "y": 240,
        "wires": []
    },
    {
        "id": "213f670d832c1aca",
        "type": "comment",
        "z": "ad03aff2b2d1e709",
        "name": "Get the specifications and properties  V1.0",
        "info": "Get info about I/O data from device. \nYou get 'functions' (RW) and 'status' (RW + RO) properties list with values and limits.\n\nnote:\n- To change the device, update the `device_id` in 'Settings: CLICK *On Start* TAB' node, and deploy.\n- in result, uses `code` and not `DPs`.\n\n\n\n\n\n\nTuya API reference:\nhttps://developer.tuya.com/en/docs/cloud/68c2e82f73?id=Kag2ybtxwlb9w",
        "x": 340,
        "y": 660,
        "wires": []
    },
    {
        "id": "b9d8efc237805ac2",
        "type": "function",
        "z": "ad03aff2b2d1e709",
        "name": "Extract Token from Response",
        "func": "var data = msg.payload;\nvar access = data.result.access_token;\nvar refresh = data.result.refresh_token;\n\nvar creds ={\n \"access_token\" : access,\n \"refresh_token\" : refresh\n}\nflow.set(\"tuya\", creds);\nreturn msg;",
        "outputs": 1,
        "noerr": 0,
        "initialize": "",
        "finalize": "",
        "libs": [],
        "x": 1280,
        "y": 280,
        "wires": [
            []
        ]
    },
    {
        "id": "1014511e5d4b50f8",
        "type": "function",
        "z": "ad03aff2b2d1e709",
        "name": "Settings: CLICK *On Start* TAB",
        "func": "\nreturn msg;",
        "outputs": 1,
        "noerr": 0,
        "initialize": "// set herer YOUR values\nvar data_center = \"https://openapi.tuyaeu.com\";  // update if required\nvar client_id   = \"123456789xxx\";      // here your ID\nvar device_id   = \"123456789yyy\";      // here the test deevice ID\n\n//\nflow.set(\"data_center\", data_center );\nflow.set(\"tuya_client_id\", client_id);\nflow.set(\"device_id\", device_id );",
        "finalize": "",
        "libs": [],
        "x": 470,
        "y": 160,
        "wires": [
            []
        ]
    },
    {
        "id": "ca3efb365c1163f5",
        "type": "comment",
        "z": "ad03aff2b2d1e709",
        "name": "Rerquest: SET DP OFF  V2.0 (Send_Property)",
        "info": "SET the value of one or more properties.\n\nnote:\n- To change the device, update the `device_id` in 'Settings: CLICK *On Start* TAB' node, and deploy.\n- To change the 'code' and/or the `value` update the `msg.payload`in _input_ node AND update the `msg.payload` in second `function` node.\n- Uses `code`, not `DPs` (see GET device SCHEMA V2.0 flow)\n- Input format for `msg.payload` MUST be a `string` (you can use `JSON` to edit, but after change it to string).\n\nTuya API reference:\nhttps://developer.tuya.com/en/docs/cloud/c057ad5cfd",
        "x": 350,
        "y": 1220,
        "wires": []
    },
    {
        "id": "08e39a904098b70a",
        "type": "function",
        "z": "ad03aff2b2d1e709",
        "name": "",
        "func": "var device_id = flow.get(\"device_id\");\nvar url = \"https://openapi.tuyaeu.com/v2.0/cloud/thing/\"+device_id+\"/shadow/properties/issue\";\nvar t = msg.time;\nvar client_id  = flow.get(\"tuya_client_id\");\nvar creds = flow.get(\"tuya\");\nvar access_token = creds.access_token;\nvar sign = msg.payload;\n\nmsg.headers ={\n \"sign_method\": \"HMAC-SHA256\",\n \"client_id\" : client_id,\n \"t\": t.toString(),\n \"mode\" : \"cors\",\n \"Content-Type\": \"application/json\",\n \"sign\": sign.toUpperCase(),\n \"access_token\" : access_token,\n },\n msg.payload = '{\"properties\":{\"switch_1\":false}}';\n msg.url = url;\n msg.method = \"POST\";\n //msg.payload = '';\nreturn msg;",
        "outputs": 1,
        "noerr": 0,
        "initialize": "",
        "finalize": "",
        "libs": [],
        "x": 1040,
        "y": 1260,
        "wires": [
            [
                "88c0148ff5b2daa3"
            ]
        ]
    },
    {
        "id": "88c0148ff5b2daa3",
        "type": "http request",
        "z": "ad03aff2b2d1e709",
        "name": "",
        "method": "use",
        "ret": "obj",
        "paytoqs": "ignore",
        "url": "",
        "tls": "",
        "persist": false,
        "proxy": "",
        "authType": "",
        "x": 1190,
        "y": 1260,
        "wires": [
            [
                "c6abf3d2058c0567"
            ]
        ]
    },
    {
        "id": "6351b25204b7a111",
        "type": "inject",
        "z": "ad03aff2b2d1e709",
        "name": "",
        "props": [
            {
                "p": "time",
                "v": "",
                "vt": "date"
            },
            {
                "p": "payload"
            }
        ],
        "repeat": "",
        "crontab": "",
        "once": false,
        "onceDelay": 0.1,
        "topic": "",
        "payload": "{\"properties\":{\"switch_1\":false}}",
        "payloadType": "str",
        "x": 250,
        "y": 1260,
        "wires": [
            [
                "4a7616486e80712d"
            ]
        ]
    },
    {
        "id": "0de2f6e1540a4d36",
        "type": "function",
        "z": "ad03aff2b2d1e709",
        "name": "Create signStr",
        "func": "var creds = flow.get(\"tuya\");\nvar access_token = creds.access_token;\nvar device_id = flow.get(\"device_id\");\nvar hashed_size = msg.payload;\nvar t = msg.time;\nvar client_id  = flow.get(\"tuya_client_id\");\nvar token = access_token;\nvar method = \"POST\";\nvar sign_url = \"/v2.0/cloud/thing/\"+device_id+\"/shadow/properties/issue\";\nvar content_hash = hashed_size;\nvar string_to_sign = method+\"\\n\"+content_hash+\"\\n\"+\"\"+\"\\n\"+sign_url;\nvar signStr = client_id+token+t+string_to_sign;\n\nmsg.payload = signStr;\nmsg.time = msg.time;\n\nreturn msg;\n\n",
        "outputs": 1,
        "noerr": 0,
        "initialize": "",
        "finalize": "",
        "libs": [],
        "x": 620,
        "y": 1260,
        "wires": [
            [
                "b692c87daeaeb16c"
            ]
        ]
    },
    {
        "id": "a2af0f22e76f6846",
        "type": "comment",
        "z": "ad03aff2b2d1e709",
        "name": "Request SET DP ON V2.0  (Send_Property)",
        "info": "SET the value of one or more properties.\n\nnote:\n- To change the device, update the `device_id` in 'Settings: CLICK *On Start* TAB' node, and deploy.\n- To change the 'code' and/or the `value` update the `msg.payload`in _input_ node AND update the `msg.payload` in second `function` node.\n- Uses `code`, not `DPs` (see GET device SCHEMA V2.0 flow)\n- Input format for `msg.payload` MUST be a string (you can use JSON to edit, but after change it on string).\n\nTuya API reference:\nhttps://developer.tuya.com/en/docs/cloud/c057ad5cfd",
        "x": 340,
        "y": 1120,
        "wires": []
    },
    {
        "id": "1370dcfe3ea7a259",
        "type": "function",
        "z": "ad03aff2b2d1e709",
        "name": "",
        "func": "var device_id = flow.get(\"device_id\");\nvar APIurl = \"/v2.0/cloud/thing/\"+device_id+\"/shadow/properties/issue\";\nvar t = msg.time;\nvar client_id  = flow.get(\"tuya_client_id\");\nvar url  = flow.get(\"data_center\");\nvar creds = flow.get(\"tuya\");\nvar access_token = creds.access_token;\nvar sign = msg.payload;\n\nmsg.headers ={\n \"sign_method\": \"HMAC-SHA256\",\n \"client_id\" : client_id,\n \"t\": t.toString(),\n \"mode\" : \"cors\",\n \"Content-Type\": \"application/json\",\n \"sign\": sign.toUpperCase(),\n \"access_token\" : access_token,\n },\n msg.payload = '{\"properties\":{\"switch_1\":true}}';\n msg.url = url + APIurl;\n msg.method = \"POST\";\n //msg.payload = '';\nreturn msg;",
        "outputs": 1,
        "noerr": 0,
        "initialize": "",
        "finalize": "",
        "libs": [],
        "x": 1040,
        "y": 1160,
        "wires": [
            [
                "f69e56efe393238d"
            ]
        ]
    },
    {
        "id": "f69e56efe393238d",
        "type": "http request",
        "z": "ad03aff2b2d1e709",
        "name": "",
        "method": "use",
        "ret": "obj",
        "paytoqs": "ignore",
        "url": "",
        "tls": "",
        "persist": false,
        "proxy": "",
        "authType": "",
        "x": 1190,
        "y": 1160,
        "wires": [
            [
                "7a12a916bd9be964"
            ]
        ]
    },
    {
        "id": "e150df8ba99c29a9",
        "type": "inject",
        "z": "ad03aff2b2d1e709",
        "name": "",
        "props": [
            {
                "p": "time",
                "v": "",
                "vt": "date"
            },
            {
                "p": "payload"
            }
        ],
        "repeat": "",
        "crontab": "",
        "once": false,
        "onceDelay": 0.1,
        "topic": "",
        "payload": "{\"properties\":{\"switch_1\":true}}",
        "payloadType": "str",
        "x": 250,
        "y": 1160,
        "wires": [
            [
                "18703c981c7aae74"
            ]
        ]
    },
    {
        "id": "9b2de920073f16c8",
        "type": "function",
        "z": "ad03aff2b2d1e709",
        "name": "Create signStr",
        "func": "var creds = flow.get(\"tuya\");\nvar access_token = creds.access_token;\nvar device_id = flow.get(\"device_id\");\nvar hashed_size = msg.payload;\nvar t = msg.time;\nvar client_id  = flow.get(\"tuya_client_id\");\nvar token = access_token;\nvar method = \"POST\";\nvar sign_url = \"/v2.0/cloud/thing/\"+device_id+\"/shadow/properties/issue\";\nvar content_hash = hashed_size;\nvar string_to_sign = method+\"\\n\"+content_hash+\"\\n\"+\"\"+\"\\n\"+sign_url;\nvar signStr = client_id+token+t+string_to_sign;\n\nmsg.payload = signStr;\nmsg.time = msg.time;\n\nreturn msg;",
        "outputs": 1,
        "noerr": 0,
        "initialize": "",
        "finalize": "",
        "libs": [],
        "x": 620,
        "y": 1160,
        "wires": [
            [
                "071d0dfa24dc92ef"
            ]
        ]
    },
    {
        "id": "ab4e9e9f1cbf7bb8",
        "type": "hmac",
        "z": "ad03aff2b2d1e709",
        "name": "Sign signStr with secret",
        "algorithm": "HmacSHA256",
        "key": "123",
        "x": 650,
        "y": 700,
        "wires": [
            [
                "6de709e50e266612"
            ]
        ]
    },
    {
        "id": "f225841459d1d9ff",
        "type": "hmac",
        "z": "ad03aff2b2d1e709",
        "name": "Sign signStr with secret",
        "algorithm": "HmacSHA256",
        "key": "123",
        "x": 630,
        "y": 280,
        "wires": [
            [
                "b41bd8d7855c265f"
            ]
        ]
    },
    {
        "id": "b692c87daeaeb16c",
        "type": "hmac",
        "z": "ad03aff2b2d1e709",
        "name": "Sign signStr with secret",
        "algorithm": "HmacSHA256",
        "key": "123",
        "x": 850,
        "y": 1260,
        "wires": [
            [
                "08e39a904098b70a"
            ]
        ]
    },
    {
        "id": "071d0dfa24dc92ef",
        "type": "hmac",
        "z": "ad03aff2b2d1e709",
        "name": "Sign signStr with secret",
        "algorithm": "HmacSHA256",
        "key": "123",
        "x": 850,
        "y": 1160,
        "wires": [
            [
                "1370dcfe3ea7a259"
            ]
        ]
    },
    {
        "id": "18703c981c7aae74",
        "type": "digest",
        "z": "ad03aff2b2d1e709",
        "name": "Hash the body data",
        "algorithm": "SHA256",
        "x": 430,
        "y": 1160,
        "wires": [
            [
                "9b2de920073f16c8"
            ]
        ]
    },
    {
        "id": "4a7616486e80712d",
        "type": "digest",
        "z": "ad03aff2b2d1e709",
        "name": "Hash the body data",
        "algorithm": "SHA256",
        "x": 430,
        "y": 1260,
        "wires": [
            [
                "0de2f6e1540a4d36"
            ]
        ]
    },
    {
        "id": "46baad4b0451f28b",
        "type": "debug",
        "z": "ad03aff2b2d1e709",
        "name": "debug 16",
        "active": true,
        "tosidebar": true,
        "console": false,
        "tostatus": false,
        "complete": "true",
        "targetType": "full",
        "statusVal": "",
        "statusType": "auto",
        "x": 1300,
        "y": 700,
        "wires": []
    },
    {
        "id": "c6abf3d2058c0567",
        "type": "debug",
        "z": "ad03aff2b2d1e709",
        "name": "debug 17",
        "active": true,
        "tosidebar": true,
        "console": false,
        "tostatus": false,
        "complete": "true",
        "targetType": "full",
        "statusVal": "",
        "statusType": "auto",
        "x": 1420,
        "y": 1260,
        "wires": []
    },
    {
        "id": "7a12a916bd9be964",
        "type": "debug",
        "z": "ad03aff2b2d1e709",
        "name": "debug 18",
        "active": true,
        "tosidebar": true,
        "console": false,
        "tostatus": false,
        "complete": "true",
        "targetType": "full",
        "statusVal": "",
        "statusType": "auto",
        "x": 1420,
        "y": 1160,
        "wires": []
    },
    {
        "id": "1d52c12289cda7a8",
        "type": "function",
        "z": "ad03aff2b2d1e709",
        "name": "",
        "func": "var creds = flow.get(\"tuya\");\nvar refresh_token = creds.refresh_token;\n\nvar APIurl = \"/v1.0/token/\"+refresh_token;\nvar t = msg.time;\nvar sign = msg.payload;\nvar client_id  = flow.get(\"tuya_client_id\");\nvar url  = flow.get(\"data_center\");\n\nmsg.headers ={\n \"sign_method\": \"HMAC-SHA256\",\n \"client_id\" : client_id,\n \"t\": t.toString(),\n \"sign\": sign.toUpperCase(),\n },\n msg.payload = '';\n msg.url = url + APIurl;\n msg.method = \"GET\";\nreturn msg;",
        "outputs": 1,
        "noerr": 0,
        "initialize": "",
        "finalize": "",
        "libs": [],
        "x": 840,
        "y": 380,
        "wires": [
            [
                "5db0671aeee90822"
            ]
        ]
    },
    {
        "id": "5db0671aeee90822",
        "type": "http request",
        "z": "ad03aff2b2d1e709",
        "name": "",
        "method": "use",
        "ret": "obj",
        "paytoqs": "ignore",
        "url": "",
        "tls": "",
        "persist": false,
        "proxy": "",
        "authType": "",
        "x": 1050,
        "y": 380,
        "wires": [
            [
                "159e58a0b2ef5b47"
            ]
        ]
    },
    {
        "id": "12cbc6aef2028f52",
        "type": "inject",
        "z": "ad03aff2b2d1e709",
        "name": "",
        "props": [
            {
                "p": "time",
                "v": "",
                "vt": "date"
            }
        ],
        "repeat": "",
        "crontab": "",
        "once": false,
        "onceDelay": 0.1,
        "topic": "",
        "x": 215,
        "y": 380,
        "wires": [
            [
                "ac6097f5d4a4da7b"
            ]
        ],
        "l": false
    },
    {
        "id": "ac6097f5d4a4da7b",
        "type": "function",
        "z": "ad03aff2b2d1e709",
        "name": "Create signStr",
        "func": "var creds = flow.get(\"tuya\");\nvar refresh_token = creds.refresh_token;\n\nvar client_id  = flow.get(\"tuya_client_id\");\nvar t = msg.time;\n\n\nvar method = \"GET\";\nvar sign_url = \"/v1.0/token/\"+refresh_token;\n\n// Couldn't get nodered to process an empty string so this is a hash of an empty file\nvar content_hash = \"e3b0c44298fc1c149afbf4c8996fb92427ae41e4649b934ca495991b7852b855\";\nvar string_to_sign = method+\"\\n\"+content_hash+\"\\n\"+\"\"+\"\\n\"+sign_url;\nvar signStr = client_id+t+string_to_sign;\n\nmsg.payload = signStr;\nmsg.time = msg.time;\n\nreturn msg;",
        "outputs": 1,
        "noerr": 0,
        "initialize": "",
        "finalize": "",
        "libs": [],
        "x": 420,
        "y": 380,
        "wires": [
            [
                "7b910554c7c0627e"
            ]
        ]
    },
    {
        "id": "72d19768501d4a5b",
        "type": "comment",
        "z": "ad03aff2b2d1e709",
        "name": "Get Refresh Token V1.0 (Refresh_Token)",
        "info": "Before (or after) token expiration, you need to use refresh_token to replace the previous token\n\nTuya API Reference:\n  https://developer.tuya.com/en/docs/cloud/80bb968f1d",
        "x": 340,
        "y": 340,
        "wires": []
    },
    {
        "id": "159e58a0b2ef5b47",
        "type": "function",
        "z": "ad03aff2b2d1e709",
        "name": "Extract Token from Response",
        "func": "var data = msg.payload;\nvar access = data.result.access_token;\nvar refresh = data.result.refresh_token;\n\nvar creds ={\n \"access_token\" : access,\n \"refresh_token\" : refresh\n}\nflow.set(\"tuya\", creds);\nreturn msg;",
        "outputs": 1,
        "noerr": 0,
        "initialize": "",
        "finalize": "",
        "libs": [],
        "x": 1280,
        "y": 380,
        "wires": [
            []
        ]
    },
    {
        "id": "7b910554c7c0627e",
        "type": "hmac",
        "z": "ad03aff2b2d1e709",
        "name": "Sign signStr with secret",
        "algorithm": "HmacSHA256",
        "key": "123",
        "x": 630,
        "y": 380,
        "wires": [
            [
                "1d52c12289cda7a8"
            ]
        ]
    },
    {
        "id": "24f7f0e3167090fd",
        "type": "function",
        "z": "ad03aff2b2d1e709",
        "name": "",
        "func": "var device_id = flow.get(\"device_id\");\nvar APIurl = \"/v2.0/cloud/thing/\"+device_id+\"/shadow/properties\";\nvar t = msg.time;\nvar method = \"GET\";\nvar client_id  = flow.get(\"tuya_client_id\");\nvar url  = flow.get(\"data_center\");\nvar creds = flow.get(\"tuya\");\nvar token = creds.access_token;\nvar sign = msg.payload;\nmsg.headers ={\n \"sign_method\": \"HMAC-SHA256\",\n \"client_id\" : client_id,\n \"t\": t.toString(),\n \"mode\" : \"cors\",\n \"Content-Type\": \"application/json\",\n \"sign\": sign.toUpperCase(),\n \"access_token\" : token\n },\n msg.payload = '';\n msg.url = url + APIurl;\n msg.method = \"GET\";\nreturn msg;",
        "outputs": 1,
        "noerr": 0,
        "initialize": "",
        "finalize": "",
        "libs": [],
        "x": 880,
        "y": 820,
        "wires": [
            [
                "d65c8eaf17ca786b"
            ]
        ]
    },
    {
        "id": "d65c8eaf17ca786b",
        "type": "http request",
        "z": "ad03aff2b2d1e709",
        "name": "",
        "method": "use",
        "ret": "obj",
        "paytoqs": "ignore",
        "url": "",
        "tls": "",
        "persist": false,
        "proxy": "",
        "authType": "",
        "x": 1050,
        "y": 820,
        "wires": [
            [
                "df177da88e16754c"
            ]
        ]
    },
    {
        "id": "70f1b00574dda22f",
        "type": "inject",
        "z": "ad03aff2b2d1e709",
        "name": "",
        "props": [
            {
                "p": "time",
                "v": "",
                "vt": "date"
            },
            {
                "p": "topic",
                "vt": "str"
            }
        ],
        "repeat": "",
        "crontab": "",
        "once": false,
        "onceDelay": 0.1,
        "topic": "",
        "x": 215,
        "y": 820,
        "wires": [
            [
                "e4fcec0638d0ca0f"
            ]
        ],
        "l": false
    },
    {
        "id": "e4fcec0638d0ca0f",
        "type": "function",
        "z": "ad03aff2b2d1e709",
        "name": "Create signStr",
        "func": "var creds = flow.get(\"tuya\");\nvar access_token = creds.access_token;\nvar device_id = flow.get(\"device_id\");\nvar t = msg.time;\nvar client_id  = flow.get(\"tuya_client_id\");\nvar token = access_token;\nvar method = \"GET\";\nvar sign_url = \"/v2.0/cloud/thing/\"+device_id+\"/shadow/properties\";\nvar content_hash = \"e3b0c44298fc1c149afbf4c8996fb92427ae41e4649b934ca495991b7852b855\";\nvar string_to_sign = method+\"\\n\"+content_hash+\"\\n\"+\"\"+\"\\n\"+sign_url;\nvar signStr = client_id+token+t+string_to_sign;\n\nmsg.payload = signStr;\nmsg.time = msg.time;\n\nreturn msg;",
        "outputs": 1,
        "noerr": 0,
        "initialize": "",
        "finalize": "",
        "libs": [],
        "x": 420,
        "y": 820,
        "wires": [
            [
                "d78db28c7210a839"
            ]
        ]
    },
    {
        "id": "4262fb2f9e1dd7ca",
        "type": "comment",
        "z": "ad03aff2b2d1e709",
        "name": "GET device SCHEMA V2.0 (Query_Properties)",
        "info": "Get status from a device. \n\nnote:\n- To change the device, update the `device_id` in 'Settings: CLICK *On Start* TAB' node, and deploy.\n - Returns `code` AND `DPs`: useful to map `DPS` <=> `code`\n\nTuya API reference:\nhttps://developer.tuya.com/en/docs/cloud/116cc8bf6f",
        "x": 360,
        "y": 780,
        "wires": []
    },
    {
        "id": "d78db28c7210a839",
        "type": "hmac",
        "z": "ad03aff2b2d1e709",
        "name": "Sign signStr with secret",
        "algorithm": "HmacSHA256",
        "key": "123",
        "x": 650,
        "y": 820,
        "wires": [
            [
                "24f7f0e3167090fd"
            ]
        ]
    },
    {
        "id": "df177da88e16754c",
        "type": "debug",
        "z": "ad03aff2b2d1e709",
        "name": "debug 19",
        "active": true,
        "tosidebar": true,
        "console": false,
        "tostatus": false,
        "complete": "true",
        "targetType": "full",
        "statusVal": "",
        "statusType": "auto",
        "x": 1300,
        "y": 820,
        "wires": []
    },
    {
        "id": "1546a5c5e9ef7b2f",
        "type": "function",
        "z": "ad03aff2b2d1e709",
        "name": "",
        "func": "var device_id = flow.get(\"device_id\");\nvar APIurl = \"/v2.0/cloud/thing/\"+device_id+\"/shadow/properties?codes=switch_1,switch_inching\";\nvar t = msg.time;\nvar method = \"GET\";\nvar client_id  = flow.get(\"tuya_client_id\");\nvar url  = flow.get(\"data_center\");\nvar creds = flow.get(\"tuya\");\nvar token = creds.access_token;\nvar sign = msg.payload;\nmsg.headers ={\n \"sign_method\": \"HMAC-SHA256\",\n \"client_id\" : client_id,\n \"t\": t.toString(),\n \"mode\" : \"cors\",\n \"Content-Type\": \"application/json\",\n \"sign\": sign.toUpperCase(),\n \"access_token\" : token\n },\n msg.payload = '';\n msg.url = url + APIurl;\n msg.method = \"GET\";\nreturn msg;",
        "outputs": 1,
        "noerr": 0,
        "initialize": "",
        "finalize": "",
        "libs": [],
        "x": 880,
        "y": 940,
        "wires": [
            [
                "6afe6d5a1d1a37c0"
            ]
        ]
    },
    {
        "id": "6afe6d5a1d1a37c0",
        "type": "http request",
        "z": "ad03aff2b2d1e709",
        "name": "",
        "method": "use",
        "ret": "obj",
        "paytoqs": "ignore",
        "url": "",
        "tls": "",
        "persist": false,
        "proxy": "",
        "authType": "",
        "x": 1050,
        "y": 940,
        "wires": [
            [
                "545bb4500d07151e"
            ]
        ]
    },
    {
        "id": "97c9e11bf37c156c",
        "type": "inject",
        "z": "ad03aff2b2d1e709",
        "name": "",
        "props": [
            {
                "p": "time",
                "v": "",
                "vt": "date"
            }
        ],
        "repeat": "",
        "crontab": "",
        "once": false,
        "onceDelay": 0.1,
        "topic": "",
        "x": 215,
        "y": 940,
        "wires": [
            [
                "338784cd8ddc8a29"
            ]
        ],
        "l": false
    },
    {
        "id": "338784cd8ddc8a29",
        "type": "function",
        "z": "ad03aff2b2d1e709",
        "name": "Create signStr",
        "func": "var creds = flow.get(\"tuya\");\nvar access_token = creds.access_token;\nvar device_id = flow.get(\"device_id\");\nvar t = msg.time;\nvar client_id  = flow.get(\"tuya_client_id\");\nvar token = access_token;\nvar method = \"GET\";\nvar sign_url = \"/v2.0/cloud/thing/\"+device_id+\"/shadow/properties?codes=switch_1,switch_inching\";\nvar content_hash = \"e3b0c44298fc1c149afbf4c8996fb92427ae41e4649b934ca495991b7852b855\";\nvar string_to_sign = method+\"\\n\"+content_hash+\"\\n\"+\"\"+\"\\n\"+sign_url;\nvar signStr = client_id+token+t+string_to_sign;\n\nmsg.payload = signStr;\nmsg.time = msg.time;\n\nreturn msg;",
        "outputs": 1,
        "noerr": 0,
        "initialize": "",
        "finalize": "",
        "libs": [],
        "x": 420,
        "y": 940,
        "wires": [
            [
                "2286e5c9e36ad890"
            ]
        ]
    },
    {
        "id": "bd15bb7849e796d3",
        "type": "comment",
        "z": "ad03aff2b2d1e709",
        "name": " GET (some) DPs values V2.0  (Query_Properties)",
        "info": "GET the value of one or more properties.\n\nnote:\n- To change the device, update the `device_id` in 'Settings: CLICK *On Start* TAB' node, and deploy.\n- To change the 'code' update the `sign_ulr`in _Create signStr_ function node AND update the `url` in second `function` node.\n- Uses `code`, not `DPs` (see GET device SCHEMA V2.0 flow) \n- bad `codes` are ignored (no error)\n\nTuya API reference:\nhttps://developer.tuya.com/en/docs/cloud/116cc8bf6f\n",
        "x": 360,
        "y": 900,
        "wires": []
    },
    {
        "id": "2286e5c9e36ad890",
        "type": "hmac",
        "z": "ad03aff2b2d1e709",
        "name": "Sign signStr with secret",
        "algorithm": "HmacSHA256",
        "key": "123",
        "x": 650,
        "y": 940,
        "wires": [
            [
                "1546a5c5e9ef7b2f"
            ]
        ]
    },
    {
        "id": "545bb4500d07151e",
        "type": "debug",
        "z": "ad03aff2b2d1e709",
        "name": "debug 20",
        "active": true,
        "tosidebar": true,
        "console": false,
        "tostatus": false,
        "complete": "true",
        "targetType": "full",
        "statusVal": "",
        "statusType": "auto",
        "x": 1300,
        "y": 940,
        "wires": []
    },
    {
        "id": "cebb3b4ddb3b21da",
        "type": "function",
        "z": "ad03aff2b2d1e709",
        "name": "",
        "func": "var device_id = flow.get(\"device_id\");\nvar APIurl = \"/v2.0/cloud/thing/\"+device_id;\nvar t = msg.time;\nvar method = \"GET\";\n\nvar url  = flow.get(\"data_center\");\nvar client_id  = flow.get(\"tuya_client_id\");\nvar creds = flow.get(\"tuya\");\nvar token = creds.access_token;\nvar sign = msg.payload;\nmsg.headers ={\n \"sign_method\": \"HMAC-SHA256\",\n \"client_id\" : client_id,\n \"t\": t.toString(),\n \"mode\" : \"cors\",\n \"Content-Type\": \"application/json\",\n \"sign\": sign.toUpperCase(),\n \"access_token\" : token\n },\n msg.payload = '';\n msg.url = url + APIurl;\n msg.method = \"GET\";\nreturn msg;",
        "outputs": 1,
        "noerr": 0,
        "initialize": "",
        "finalize": "",
        "libs": [],
        "x": 880,
        "y": 580,
        "wires": [
            [
                "967e175e901921fa"
            ]
        ]
    },
    {
        "id": "967e175e901921fa",
        "type": "http request",
        "z": "ad03aff2b2d1e709",
        "name": "",
        "method": "use",
        "ret": "obj",
        "paytoqs": "ignore",
        "url": "",
        "tls": "",
        "persist": false,
        "proxy": "",
        "authType": "",
        "x": 1050,
        "y": 580,
        "wires": [
            [
                "3c329d91db91c4c5"
            ]
        ]
    },
    {
        "id": "304b2ee27b25009b",
        "type": "inject",
        "z": "ad03aff2b2d1e709",
        "name": "",
        "props": [
            {
                "p": "time",
                "v": "",
                "vt": "date"
            }
        ],
        "repeat": "",
        "crontab": "",
        "once": false,
        "onceDelay": 0.1,
        "topic": "",
        "x": 215,
        "y": 580,
        "wires": [
            [
                "20cdb2d0381c27f6"
            ]
        ],
        "l": false
    },
    {
        "id": "20cdb2d0381c27f6",
        "type": "function",
        "z": "ad03aff2b2d1e709",
        "name": "Create signStr",
        "func": "var creds = flow.get(\"tuya\");\nvar access_token = creds.access_token;\nvar device_id = flow.get(\"device_id\");\nvar t = msg.time;\nvar client_id  = flow.get(\"tuya_client_id\");\nvar token = access_token;\nvar method = \"GET\";\nvar sign_url = \"/v2.0/cloud/thing/\"+device_id;\nvar content_hash = \"e3b0c44298fc1c149afbf4c8996fb92427ae41e4649b934ca495991b7852b855\";\nvar string_to_sign = method+\"\\n\"+content_hash+\"\\n\"+\"\"+\"\\n\"+sign_url;\nvar signStr = client_id+token+t+string_to_sign;\n\nmsg.payload = signStr;\nmsg.time = msg.time;\n\nreturn msg;",
        "outputs": 1,
        "noerr": 0,
        "initialize": "",
        "finalize": "",
        "libs": [],
        "x": 420,
        "y": 580,
        "wires": [
            [
                "a7ac3f3c86e1fa80"
            ]
        ]
    },
    {
        "id": "febf0431bcf3f987",
        "type": "comment",
        "z": "ad03aff2b2d1e709",
        "name": "Get Device Details V2.0 (Query_device_details)",
        "info": "Get info about a device. \nYou get category, local_key, etc.\n\nnote:\n- To change the device, update the `device_id` in 'Settings: CLICK *On Start* TAB' node, and deploy.\n\n\nTuya API reference:\nhttps://developer.tuya.com/en/docs/cloud/3829469013",
        "x": 360,
        "y": 540,
        "wires": []
    },
    {
        "id": "a7ac3f3c86e1fa80",
        "type": "hmac",
        "z": "ad03aff2b2d1e709",
        "name": "Sign signStr with secret",
        "algorithm": "HmacSHA256",
        "key": "123",
        "x": 650,
        "y": 580,
        "wires": [
            [
                "cebb3b4ddb3b21da"
            ]
        ]
    },
    {
        "id": "3c329d91db91c4c5",
        "type": "debug",
        "z": "ad03aff2b2d1e709",
        "name": "debug 21",
        "active": true,
        "tosidebar": true,
        "console": false,
        "tostatus": false,
        "complete": "true",
        "targetType": "full",
        "statusVal": "",
        "statusType": "auto",
        "x": 1300,
        "y": 580,
        "wires": []
    },
    {
        "id": "0100fa463d54ccef",
        "type": "comment",
        "z": "ad03aff2b2d1e709",
        "name": "EXAMPLES WITHOUT BODY",
        "info": "",
        "x": 500,
        "y": 480,
        "wires": []
    },
    {
        "id": "67f8a6f01eace861",
        "type": "comment",
        "z": "ad03aff2b2d1e709",
        "name": "EXAMPLES WITH BODY (on input node)",
        "info": "",
        "x": 500,
        "y": 1060,
        "wires": []
    },
    {
        "id": "c4342610aa347913",
        "type": "function",
        "z": "ad03aff2b2d1e709",
        "name": "",
        "func": "var device_id = flow.get(\"device_id\");\nvar url = \"https://openapi.tuyaeu.com/v2.0/cloud/space/child\";\nvar t = msg.time;\nvar method = \"GET\";\nvar client_id  = flow.get(\"tuya_client_id\");\nvar creds = flow.get(\"tuya\");\nvar token = creds.access_token;\nvar sign = msg.payload;\nmsg.headers ={\n \"sign_method\": \"HMAC-SHA256\",\n \"client_id\" : client_id,\n \"t\": t.toString(),\n \"mode\" : \"cors\",\n \"Content-Type\": \"application/json\",\n \"sign\": sign.toUpperCase(),\n \"access_token\" : token\n },\n msg.payload = '';\n msg.url = url;\n msg.method = \"GET\";\nreturn msg;",
        "outputs": 1,
        "noerr": 0,
        "initialize": "",
        "finalize": "",
        "libs": [],
        "x": 900,
        "y": 1480,
        "wires": [
            [
                "52779ff881e93572"
            ]
        ]
    },
    {
        "id": "52779ff881e93572",
        "type": "http request",
        "z": "ad03aff2b2d1e709",
        "name": "",
        "method": "use",
        "ret": "obj",
        "paytoqs": "ignore",
        "url": "",
        "tls": "",
        "persist": false,
        "proxy": "",
        "authType": "",
        "x": 1070,
        "y": 1480,
        "wires": [
            [
                "bf9f87eefacf8080"
            ]
        ]
    },
    {
        "id": "3cc532d10bbed0fa",
        "type": "inject",
        "z": "ad03aff2b2d1e709",
        "name": "",
        "props": [
            {
                "p": "time",
                "v": "",
                "vt": "date"
            },
            {
                "p": "topic",
                "vt": "str"
            }
        ],
        "repeat": "",
        "crontab": "",
        "once": false,
        "onceDelay": 0.1,
        "topic": "",
        "x": 235,
        "y": 1480,
        "wires": [
            [
                "c0b8c17367ec2c02"
            ]
        ],
        "l": false
    },
    {
        "id": "c0b8c17367ec2c02",
        "type": "function",
        "z": "ad03aff2b2d1e709",
        "name": "Create signStr",
        "func": "var creds = flow.get(\"tuya\");\nvar access_token = creds.access_token;\nvar device_id = flow.get(\"device_id\");\nvar t = msg.time;\nvar client_id  = flow.get(\"tuya_client_id\");\nvar token = access_token;\nvar method = \"GET\";\nvar sign_url = \"/v2.0/cloud/space/child\";\nvar content_hash = \"e3b0c44298fc1c149afbf4c8996fb92427ae41e4649b934ca495991b7852b855\";\nvar string_to_sign = method+\"\\n\"+content_hash+\"\\n\"+\"\"+\"\\n\"+sign_url;\nvar signStr = client_id+token+t+string_to_sign;\n\nmsg.payload = signStr;\nmsg.time = msg.time;\n\nreturn msg;",
        "outputs": 1,
        "noerr": 0,
        "initialize": "",
        "finalize": "",
        "libs": [],
        "x": 440,
        "y": 1480,
        "wires": [
            [
                "297cf1a9035409b0"
            ]
        ]
    },
    {
        "id": "28eb7e26c37bed19",
        "type": "comment",
        "z": "ad03aff2b2d1e709",
        "name": "SPACE LIST V2.0 (Query_Space_List)",
        "info": "GET the the list of spaces (homes)\n\nnote:\n- to get all `space_id`, used in the next query.\n \n\nTuya API reference:\nhttps://developer.tuya.com/en/docs/cloud/6c61ea86c6",
        "x": 350,
        "y": 1440,
        "wires": []
    },
    {
        "id": "297cf1a9035409b0",
        "type": "hmac",
        "z": "ad03aff2b2d1e709",
        "name": "Sign signStr with secret",
        "algorithm": "HmacSHA256",
        "key": "123",
        "x": 670,
        "y": 1480,
        "wires": [
            [
                "c4342610aa347913"
            ]
        ]
    },
    {
        "id": "bf9f87eefacf8080",
        "type": "debug",
        "z": "ad03aff2b2d1e709",
        "name": "debug 22",
        "active": true,
        "tosidebar": true,
        "console": false,
        "tostatus": false,
        "complete": "true",
        "targetType": "full",
        "statusVal": "",
        "statusType": "auto",
        "x": 1320,
        "y": 1480,
        "wires": []
    },
    {
        "id": "83f5018f9f4f2d82",
        "type": "comment",
        "z": "ad03aff2b2d1e709",
        "name": "SPACE MANAGEMENT",
        "info": "",
        "x": 450,
        "y": 1380,
        "wires": []
    },
    {
        "id": "1128f0b99d183edc",
        "type": "function",
        "z": "ad03aff2b2d1e709",
        "name": "",
        "func": "\nvar space_id = 123456789;  // from SPACE LIST response\n\nvar APIurl = \"/v2.0/cloud/scene/rule?space_id=\" + space_id;\nvar t = msg.time;\nvar method = \"GET\";\nvar client_id  = flow.get(\"tuya_client_id\");\nvar url  = flow.get(\"data_center\");\nvar creds = flow.get(\"tuya\");\nvar token = creds.access_token;\nvar sign = msg.payload;\nmsg.headers ={\n \"sign_method\": \"HMAC-SHA256\",\n \"client_id\" : client_id,\n \"t\": t.toString(),\n \"mode\" : \"cors\",\n \"Content-Type\": \"application/json\",\n \"sign\": sign.toUpperCase(),\n \"access_token\" : token\n },\n msg.payload = '';\n msg.url = url + APIurl;\n msg.method = \"GET\";\nreturn msg;",
        "outputs": 1,
        "noerr": 0,
        "initialize": "",
        "finalize": "",
        "libs": [],
        "x": 900,
        "y": 1660,
        "wires": [
            [
                "8d285b1ea474adb8"
            ]
        ]
    },
    {
        "id": "8d285b1ea474adb8",
        "type": "http request",
        "z": "ad03aff2b2d1e709",
        "name": "",
        "method": "use",
        "ret": "obj",
        "paytoqs": "ignore",
        "url": "",
        "tls": "",
        "persist": false,
        "proxy": "",
        "authType": "",
        "x": 1070,
        "y": 1660,
        "wires": [
            [
                "f3d80a63425b4013"
            ]
        ]
    },
    {
        "id": "eafa39c52ee926c9",
        "type": "inject",
        "z": "ad03aff2b2d1e709",
        "name": "",
        "props": [
            {
                "p": "time",
                "v": "",
                "vt": "date"
            },
            {
                "p": "topic",
                "vt": "str"
            }
        ],
        "repeat": "",
        "crontab": "",
        "once": false,
        "onceDelay": 0.1,
        "topic": "",
        "x": 235,
        "y": 1660,
        "wires": [
            [
                "76a3b23580ef2e21"
            ]
        ],
        "l": false
    },
    {
        "id": "76a3b23580ef2e21",
        "type": "function",
        "z": "ad03aff2b2d1e709",
        "name": "Create signStr",
        "func": "var creds = flow.get(\"tuya\");\nvar access_token = creds.access_token;\nvar device_id = flow.get(\"device_id\");\nvar t = msg.time;\nvar client_id  = flow.get(\"tuya_client_id\");\nvar space_id = 123456789;   //  YOUR space id from previus test\nvar token = access_token;\nvar method = \"GET\";\nvar sign_url = \"/v2.0/cloud/scene/rule?space_id=\" + space_id;\nvar content_hash = \"e3b0c44298fc1c149afbf4c8996fb92427ae41e4649b934ca495991b7852b855\";\nvar string_to_sign = method+\"\\n\"+content_hash+\"\\n\"+\"\"+\"\\n\"+sign_url;\nvar signStr = client_id+token+t+string_to_sign;\n\nmsg.payload = signStr;\nmsg.time = msg.time;\n\nreturn msg;",
        "outputs": 1,
        "noerr": 0,
        "initialize": "",
        "finalize": "",
        "libs": [],
        "x": 440,
        "y": 1660,
        "wires": [
            [
                "3b0cd2d1ae4d0b9d"
            ]
        ]
    },
    {
        "id": "2c433e8f0af37757",
        "type": "comment",
        "z": "ad03aff2b2d1e709",
        "name": "RULE LIST V2.0 (page 1: 0..19) (Query_Linkage_Rules)",
        "info": "GEL a list of rules in the space\n\nnotes:\n- Update the `space_id` var, in _Create signStr_ function node AND update it also in second `function` node.\n- You get a list of rule id, used in next query.\n\n\n\nTuya API Reference:\nhttps://developer.tuya.com/en/docs/cloud/d7785d8964",
        "x": 400,
        "y": 1620,
        "wires": []
    },
    {
        "id": "3b0cd2d1ae4d0b9d",
        "type": "hmac",
        "z": "ad03aff2b2d1e709",
        "name": "Sign signStr with secret",
        "algorithm": "HmacSHA256",
        "key": "123",
        "x": 670,
        "y": 1660,
        "wires": [
            [
                "1128f0b99d183edc"
            ]
        ]
    },
    {
        "id": "f3d80a63425b4013",
        "type": "debug",
        "z": "ad03aff2b2d1e709",
        "name": "debug 23",
        "active": true,
        "tosidebar": true,
        "console": false,
        "tostatus": false,
        "complete": "true",
        "targetType": "full",
        "statusVal": "",
        "statusType": "auto",
        "x": 1320,
        "y": 1660,
        "wires": []
    },
    {
        "id": "936a6deba0c8a83d",
        "type": "comment",
        "z": "ad03aff2b2d1e709",
        "name": "EXAMPLES AUTOMATION ",
        "info": "",
        "x": 460,
        "y": 1560,
        "wires": []
    },
    {
        "id": "34f68917fee5960b",
        "type": "function",
        "z": "ad03aff2b2d1e709",
        "name": "",
        "func": "\nvar rule_id = \"123456789\";  // from RULE LIST response\n\nvar APIurl = \"/v2.0/cloud/scene/rule/\" + rule_id;\nvar t = msg.time;\nvar method = \"GET\";\nvar client_id  = flow.get(\"tuya_client_id\");\nvar url  = flow.get(\"data_center\");\nvar creds = flow.get(\"tuya\");\nvar token = creds.access_token;\nvar sign = msg.payload;\nmsg.headers ={\n \"sign_method\": \"HMAC-SHA256\",\n \"client_id\" : client_id,\n \"t\": t.toString(),\n \"mode\" : \"cors\",\n \"Content-Type\": \"application/json\",\n \"sign\": sign.toUpperCase(),\n \"access_token\" : token\n },\n msg.payload = '';\n msg.url = url + APIurl;\n msg.method = \"GET\";\nreturn msg;",
        "outputs": 1,
        "noerr": 0,
        "initialize": "",
        "finalize": "",
        "libs": [],
        "x": 900,
        "y": 1760,
        "wires": [
            [
                "6ce192774312edd5"
            ]
        ]
    },
    {
        "id": "6ce192774312edd5",
        "type": "http request",
        "z": "ad03aff2b2d1e709",
        "name": "",
        "method": "use",
        "ret": "obj",
        "paytoqs": "ignore",
        "url": "",
        "tls": "",
        "persist": false,
        "proxy": "",
        "authType": "",
        "x": 1070,
        "y": 1760,
        "wires": [
            [
                "a04bf4fd61ecce4c"
            ]
        ]
    },
    {
        "id": "1e7c4803c7636f41",
        "type": "inject",
        "z": "ad03aff2b2d1e709",
        "name": "",
        "props": [
            {
                "p": "time",
                "v": "",
                "vt": "date"
            },
            {
                "p": "topic",
                "vt": "str"
            }
        ],
        "repeat": "",
        "crontab": "",
        "once": false,
        "onceDelay": 0.1,
        "topic": "",
        "x": 235,
        "y": 1760,
        "wires": [
            [
                "1e56276d194ff90f"
            ]
        ],
        "l": false
    },
    {
        "id": "1e56276d194ff90f",
        "type": "function",
        "z": "ad03aff2b2d1e709",
        "name": "Create signStr",
        "func": "var creds = flow.get(\"tuya\");\nvar access_token = creds.access_token;\nvar device_id = flow.get(\"device_id\");\nvar t = msg.time;\nvar client_id  = flow.get(\"tuya_client_id\");\nvar rule_id = \"123456789\";  // from previus test\nvar token = access_token;\nvar method = \"GET\";\nvar sign_url = \"/v2.0/cloud/scene/rule/\" + rule_id;\nvar content_hash = \"e3b0c44298fc1c149afbf4c8996fb92427ae41e4649b934ca495991b7852b855\";\nvar string_to_sign = method+\"\\n\"+content_hash+\"\\n\"+\"\"+\"\\n\"+sign_url;\nvar signStr = client_id+token+t+string_to_sign;\n\nmsg.payload = signStr;\nmsg.time = msg.time;\n\nreturn msg;",
        "outputs": 1,
        "noerr": 0,
        "initialize": "",
        "finalize": "",
        "libs": [],
        "x": 440,
        "y": 1760,
        "wires": [
            [
                "867d848270bc14ba"
            ]
        ]
    },
    {
        "id": "92c0667522ed1b21",
        "type": "comment",
        "z": "ad03aff2b2d1e709",
        "name": "RULE DETAILS  v2.0 (Get_Libkage_Rule_Details)",
        "info": "GET the rule definition.\n\nnotes:\n- Update the `rule_id` var, in _Create signStr_ function node AND update it also in second `function` node.\n\n\n\nTuya API Reference:\nhttps://developer.tuya.com/en/docs/cloud/fbc9adfd8a",
        "x": 380,
        "y": 1720,
        "wires": []
    },
    {
        "id": "867d848270bc14ba",
        "type": "hmac",
        "z": "ad03aff2b2d1e709",
        "name": "Sign signStr with secret",
        "algorithm": "HmacSHA256",
        "key": "123",
        "x": 670,
        "y": 1760,
        "wires": [
            [
                "34f68917fee5960b"
            ]
        ]
    },
    {
        "id": "a04bf4fd61ecce4c",
        "type": "debug",
        "z": "ad03aff2b2d1e709",
        "name": "debug 24",
        "active": true,
        "tosidebar": true,
        "console": false,
        "tostatus": false,
        "complete": "true",
        "targetType": "full",
        "statusVal": "",
        "statusType": "auto",
        "x": 1320,
        "y": 1760,
        "wires": []
    }
]