      {
         "name": "device-unique-user-name",
         "id": "device-id",
         "device": "multi_gateway02",
         "power": "AC",
         "dps": [
            {
               "dp": 4,
               "name": "switch_alarmsound",
               "type": "boolean"
            },
            {
               "dp": 32,
               "name": "master_state",
               "type": "string"
            },
            {
               "dp": 34,
               "name": "factory reset",
               "type": "boolean"
            },
            {
               "dp": 45,
               "name": "alarm_active",
               "capability": "PUSH",
               "type": "string"
            }
         ]
      },
