      {
         "name": "device-unique-user-name",
         "cid": "device-cid",
         "gateway": "gateway-id",
         "power": "AC",
         "capability": ["SET","GET"],
         "dps": [
            {
               "dp": "_connected",
               "capability": "WO",
               "type": "boolean"
            },
            {
               "dp": "_cutoff",
               "capability": "WW",
               "type": "number"
            },
            {
               "dp": "_delay",
               "capability": "WW",
               "type": "number"
            },
            {
               "dp": "_outDC",
               "capability": "WW",
               "typefield": "BOOLEANONOFF"
            }
         ]
      },
