      {
         "name": "device-unique-user-name",
         "id": "device-id",
         "device": "Watchdog02",
         "power": "AC",
         "capability": ["SET","GET"],
         "dps": [
            {
               "dp": "_cutoff",
               "capability": "WW",
               "type": "number"
            },
            {
               "dp": "_delay",
               "capability": "WW",
               "type": "number"
            },
            {
               "dp": "_dev_conn",
               "capability": "WO",
               "type": "boolean"
            },
            {
               "dp": "_outDC",
               "capability": "WW",
               "typefield": "BOOLEANONOFF"
            }
         ]
      },
