      {
         "name": "device-unique-user-name",
         "id": "device-id",
         "device": "Watchdog03",
         "power": "AC",
         "capability": ["SET","GET"],
         "dps": [
            {
               "dp": "_cutoff",
               "type": "number"
            },
            {
               "dp": "_delay",
               "type": "number"
            },
            {
               "dp": "_dv_conn",
               "type": "boolean"
            },
            {
               "dp": "_outDC",
               "type": "string"
            }
         ]
      },
