      {
         "device": "USB_switch",
         "power": "AC",
         "dps": [
            {
               "dp": 1,
               "name": "switch_1",
               "typefield": "BOOLEANONOFF"
            },
            {
               "dp": 9,
               "name": "countdown_1",
               "type": "int"
            },
            {
               "dp": 24,
               "name": "test_bit"
            },
            {
               "dp": 38,
               "name": "relay_status",
               "type": "string"
            },
            {
               "dp": 42,
               "name": "random_time",
               "typefield": "STRUCTRAND"
            },
            {
               "dp": 43,
               "name": "cycle_time",
               "typefield": "STRUCTREPEAT"
            }
         ]
      }
