      {
         "name": "device-unique-user-name",
         "cid": "device-cid",
         "gateway": "gateway-id",
         "power": "AC",
         "capability": ["SET","GET","REFRESH"],
         "dps": [
            {
               "dp": "_refresh",
               "name": "refresh",
               "capability": "WO"
            },
            {
               "dp": "_refreshCycle",
               "name": "refresh cycle",
               "type": "int"
            },
            {
               "dp": 1,
               "name": "sendtime",
               "type": "int"
            },
            {
               "dp": 2,
               "name": "storetime",
               "type": "int"
            },
            {
               "dp": 3,
               "name": "set clock",
               "type": "string"
            },
            {
               "dp": 4,
               "name": "dump data",
               "capability": "WO"
            },
            {
               "dp": 5,
               "name": "startRT",
               "typefield": "ENUMONOFFHOLD"
            },
            {
               "dp": 6,
               "name": "memory clear",
               "capability": "WO"
            },
            {
               "dp": 80,
               "name": "WritePoints",
               "capability": "RO",
               "type": "int"
            },
            {
               "dp": 81,
               "name": "ReadPoint",
               "capability": "PUSH",
               "type": "int"
            },
            {
               "dp": 82,
               "name": "SendIternalFlag",
               "capability": "PUSH",
               "type": "int"
            },
            {
               "dp": 200,
               "name": "cpm1_0",
               "capability": "PUSH",
               "type": "int"
            },
            {
               "dp": 201,
               "name": "cpm2_5",
               "capability": "PUSH",
               "type": "int"
            },
            {
               "dp": 202,
               "name": "cpm10",
               "capability": "PUSH",
               "type": "int"
            },
            {
               "dp": 203,
               "name": "apm1_0",
               "capability": "PUSH",
               "type": "int"
            },
            {
               "dp": 204,
               "name": "apm2_5",
               "capability": "PUSH",
               "type": "int"
            },
            {
               "dp": 205,
               "name": "apm10",
               "capability": "PUSH",
               "type": "int"
            },
            {
               "dp": 206,
               "name": "aqi",
               "capability": "PUSH",
               "type": "int"
            },
            {
               "dp": 207,
               "name": "Temperature",
               "capability": "PUSH",
               "type": "string"
            },
            {
               "dp": 208,
               "name": "RH",
               "capability": "PUSH",
               "type": "int"
            },
            {
               "dp": 300,
               "name": "Hist. Day CPM1_0",
               "capability": "PUSH",
               "type": "string"
            },
            {
               "dp": 301,
               "name": "Hist. Day CPM2_5",
               "capability": "PUSH",
               "type": "string"
            },
            {
               "dp": 302,
               "name": "Hist. Day CPM10",
               "capability": "PUSH",
               "type": "string"
            },
            {
               "dp": 303,
               "name": "Hist. Day APM1_0",
               "capability": "PUSH",
               "type": "string"
            },
            {
               "dp": 304,
               "name": "Hist. Day APM2_5",
               "capability": "PUSH",
               "type": "string"
            },
            {
               "dp": 305,
               "name": "Hist. Day APM10",
               "capability": "PUSH",
               "type": "string"
            },
            {
               "dp": 306,
               "name": "Hist. Day AQI",
               "capability": "PUSH",
               "type": "string"
            },
            {
               "dp": 307,
               "name": "Hist. Day  Temp",
               "capability": "PUSH",
               "type": "string"
            },
            {
               "dp": 308,
               "name": "Hist. Day RH",
               "capability": "PUSH",
               "type": "string"
            }
         ]
      },
