      {
         "name": "device-unique-user-name",
         "cid": "device-cid",
         "gateway": "gateway-id",
         "power": "AC",
         "capability": ["SET","GET"],
         "dps": [
            {
               "dp": 1,
               "name": "sendtime",
               "capability": "WO",
               "type": "int",
               "comment_01": "Values: 0..999 (s)"
            },
            {
               "dp": 2,
               "name": "storetime",
               "capability": "TRG",
               "type": "int",
               "comment_01": "Values: 0..999 (s)"
            },
            {
               "dp": 3,
               "name": "set clock",
               "capability": "WO",
               "type": "string",
               "comment_01": "Values: NULL |  '21-03-02 20:57:24' "
            },
            {
               "dp": 4,
               "name": "dump data",
               "capability": "TRG",
               "comment_01": "Values: none"
            },
            {
               "dp": 5,
               "name": "startRT",
               "capability": "WO",
               "type": "enum",
               "comment_01": "Values: 1|0 = ON|OFF"
            },
            {
               "dp": 6,
               "name": "memory clear",
               "capability": "TRG",
               "comment_01": "Values: none"
            },
            {
               "dp": 80,
               "name": "WritePoints",
               "capability": "RO",
               "type": "int",
               "comment_01": "Values: none"
            },
            {
               "dp": 81,
               "name": "ReadPoint",
               "capability": "PUSH",
               "type": "int"
            },
            {
               "dp": 82,
               "name": "SendIternalFlag",
               "capability": "PUSH",
               "type": "int"
            },
            {
               "dp": 200,
               "name": "cpm1_0",
               "capability": "PUSH",
               "type": "int",
               "comment_01": "Values: \u00b5g\/m\u00b3"
            },
            {
               "dp": 201,
               "name": "cpm2_5",
               "capability": "PUSH",
               "type": "int",
               "comment_01": "Values: \u00b5g\/m\u00b3"
            },
            {
               "dp": 202,
               "name": "cpm10",
               "capability": "PUSH",
               "type": "int",
               "comment_01": "Values: \u00b5g\/m\u00b3"
            },
            {
               "dp": 203,
               "name": "apm1_0",
               "capability": "PUSH",
               "type": "int",
               "comment_01": "Values: \u00b5g\/m\u00b3"
            },
            {
               "dp": 204,
               "name": "apm2_5",
               "capability": "PUSH",
               "type": "int",
               "comment_01": "Values: \u00b5g\/m\u00b3"
            },
            {
               "dp": 205,
               "name": "apm10",
               "capability": "PUSH",
               "type": "int",
               "comment_01": "Values: \u00b5g\/m\u00b3"
            },
            {
               "dp": 206,
               "name": "aqi",
               "capability": "PUSH",
               "type": "int",
               "comment_01": "Values: Air Quality Index: 0..500"
            },
            {
               "dp": 207,
               "name": "Temperature",
               "capability": "PUSH",
               "type": "string",
               "comment_01": "Values: tt.t  \u00b0C"
            },
            {
               "dp": 208,
               "name": "RH",
               "capability": "PUSH",
               "type": "int",
               "comment_01": "Values: 0..100(%)"
            },
            {
               "dp": 300,
               "name": "Hist. Day CPM1_0",
               "capability": "PUSH",
               "type": "string",
               "comment_01": "Values: JSONarray[24] =  [85,70,50,33,26,22,17,14,13,141,171,21,0,0,0...]"
            },
            {
               "dp": 301,
               "name": "Hist. Day CPM2_5",
               "capability": "PUSH",
               "type": "string",
               "comment_01": "Values: JSONarray[24] =  [85,70,50,33,26,22,17,14,13,141,171,21,0,0,0...]"
            },
            {
               "dp": 302,
               "name": "Hist. Day CPM10",
               "capability": "PUSH",
               "type": "string",
               "comment_01": "Values: JSONarray[24] =  [85,70,50,33,26,22,17,14,13,141,171,21,0,0,0...]"
            },
            {
               "dp": 303,
               "name": "Hist. Day APM1_0",
               "capability": "PUSH",
               "type": "string",
               "comment_01": "Values: JSONarray[24] =  [85,70,50,33,26,22,17,14,13,141,171,21,0,0,0...]"
            },
            {
               "dp": 304,
               "name": "Hist. Day APM2_5",
               "capability": "PUSH",
               "type": "string",
               "comment_01": "Values: JSONarray[24] =  [85,70,50,33,26,22,17,14,13,141,171,21,0,0,0...]"
            },
            {
               "dp": 305,
               "name": "Hist. Day APM10",
               "capability": "PUSH",
               "type": "string",
               "comment_01": "Values: JSONarray[24] =  [85,70,50,33,26,22,17,14,13,141,171,21,0,0,0...]"
            },
            {
               "dp": 306,
               "name": "Hist. Day AQI",
               "capability": "PUSH",
               "type": "string",
               "comment_01": "Values: JSONarray[24] = [69,63,55,33,24,19,15,13,12,114,134,19,0,0,...]"
            },
            {
               "dp": 307,
               "name": "Hist. Day  Temp",
               "capability": "PUSH",
               "type": "string",
               "comment_01": "Values: JSONarray[24] = \t [22.6,22.3,22.2,22.0,22.0,21.7,21.6,21.5,20.9,20.1,22.4,20.9,0,...]"
            },
            {
               "dp": 308,
               "name": "Hist. Day RH",
               "capability": "PUSH",
               "type": "string",
               "comment_01": "Values: JSONarray[24] = [48.0,48.0,47.0,47.0,47.0,47.0,47.0,47.0,46.6,48.0,45.3,47.2,0,...],"
            }
         ]
      },
