      {
         "name": "device-unique-user-name",
         "cid": "device-cid",
         "gateway": "gateway-id",
         "device": "soil_meterBT",
         "power": "BAT",
         "capability": ["SET"],
         "dps": [
            {
               "dp": 3,
               "name": "humidity",
               "capability": "RO"
            },
            {
               "dp": 5,
               "name": "temperature",
               "capability": "RO",
               "typefield": "BYTESMALLFLOAT"
            },
            {
               "dp": 9,
               "name": "unit"
            },
            {
               "dp": 14,
               "name": "batt_level",
               "capability": "RO"
            },
            {
               "dp": 15,
               "name": "batt_charge",
               "capability": "RO"
            }
         ]
      },
