      {
         "name": "device-unique-user-name",
         "id": "device-id",
         "power": "AC",
         "dps": [
            {
               "dp": 1,
               "name": "relay1",
               "capability": "WW",
               "typefield": "BOOLEANONOFF"
            },
            {
               "dp": 2,
               "name": "relay2",
               "capability": "WW",
               "typefield": "BOOLEANONOFF"
            },
            {
               "dp": 3,
               "name": "relay3",
               "capability": "WW",
               "typefield": "BOOLEANONOFF"
            },
            {
               "dp": 4,
               "name": "relay4",
               "capability": "WW",
               "typefield": "BOOLEANONOFF"
            },
            {
               "dp": 7,
               "name": "countdown1",
               "capability": "WW",
               "type": "int",
               "comment_01": "Values: 0..86500 s (24H max.)"
            },
            {
               "dp": 8,
               "name": "countdown2",
               "capability": "WW",
               "type": "int",
               "comment_01": "Values: 0..86500 s (24H max.)"
            },
            {
               "dp": 9,
               "name": "countdown3",
               "capability": "WW",
               "type": "int",
               "comment_01": "Values: 0..86500 s  (24H max.)"
            },
            {
               "dp": 10,
               "name": "countdown4",
               "capability": "WW",
               "type": "int",
               "comment_01": "Values: 0..86500 s (24H max.)"
            },
            {
               "dp": 13,
               "name": "switch all",
               "capability": "WW",
               "typefield": "BOOLEANONOFF"
            },
            {
               "dp": 101,
               "name": "power-on status",
               "capability": "WW",
               "typefield": "BOOLEANONOFF"
            },
            {
               "dp": 102,
               "name": "mode",
               "capability": "WW",
               "type": "string",
               "comment_01": "Values: 'selflock'|'inching'|'interlock'"
            },
            {
               "dp": 103,
               "name": "momentary time",
               "capability": "WW",
               "typefield": "BYTESMALLFLOAT"
            }
         ]
      },
