[
    {
        "id": "f30e8140.1bed9",
        "type": "subflow",
        "name": "do command",
        "info": "This node creates a command for a device, i.e. the output can go to `core.std_cmds` or `core.fast_cmds` inputs nodes.\n\nGeneral purpose, used to send tuyaDEAMON commands.\n\n### Parameters\n<dl class=\"message-properties\">\n    <dt>remote <span class=\"property-type\">string | @string | NULL</span> </dt>\n    <dd>   the tuyaDEAMON instance (as in _core.global.remotemap_) or NULL.\n        \n - note: NULL => delete 'remote' attribute (i.e. local)\n - uses [late binding](https://discourse.nodered.org/t/subflows-and-configuration-late-and-runtime-parameters-binding/60042) node (extended), and accepts:\n      - early binding:  a string, e.g. `foo`\n      - late binding: a string starting with 'global.' | 'flow.' | 'msg.' e.g. `global.instance_name`\n      - evalued value: a string starting with '@', e.g. `@Date.now()`\n- runtime override: from `msg.command.remote` value\n\n </dd>\n    <dt>device <span class=\"property-type\">string | @string | NULL</span> </dt>\n    <dd>   the device user-name or `ID` or `CID` (as in 'core.global.alldevices').\n \n -  note: NULL => delete attribute 'device' (= device list)\n -  uses [late binding](https://discourse.nodered.org/t/subflows-and-configuration-late-and-runtime-parameters-binding/60042) node (extended), and accepts:\n     - early binding:  a string, e.g. `core`\n     - late binding: a string starting with 'global.' | 'flow.' | 'msg.' e.g. `global.instance_name`\n     - evalued value: a string starting with '@', e.g. `@Date.now()`\n - runtime override: from `msg.command.device` value\n\n</dd>\n   <dt>property <span class=\"property-type\">string | @string | NULL</span> </dt>\n   <dd>   the data point ID or user.name (string: \"3\" or \"_version\")\n        \n - note: NULL => delete 'property' attribute (= SCHEMA)\n -  uses [late binding](https://discourse.nodered.org/t/subflows-and-configuration-late-and-runtime-parameters-binding/60042) node (extended), and accepts:\n     - early binding:  a string, e.g. `_DBase`\n     - late binding: a string starting with 'global.' | 'flow.' | 'msg.' e.g. `global.instance_name`\n     - evalued value: a string starting with '@', e.g. `@Date.now()`\n- runtime override: from `msg.command.property` value\n\n</dd>\n<dt>value<span class=\"property-type\">any | @string | NULL</span></dt>\n<dd>  the new value to SET into the device (unencoded).\n        \n - note: NULL => delete 'value' attribute ( = GET)\n - uses [late binding](https://discourse.nodered.org/t/subflows-and-configuration-late-and-runtime-parameters-binding/60042) node (extended), and accepts:\n     - early binding: boolean | number | string | JSON object, as required by DP definition in `global.alldevices`\n     - late binding: a string starting with 'global.' | 'flow.' | 'msg.' e.g. `global.instance_name`\n     - evalued value: a string starting with '@', e.g. `@Date.now()`\n- runtime override: from `msg.command.value` value\n\n</dd> </dl>\n\n### Input\n\n  Any, used only to provoke the output, but values like `msg.command.remote` can override the parameters.\n\n### Output\n\nA standard tuyaDAEMON msg command. \n\n### Details\n\nStandard message structure \n````\nobject\n     {\n        payload :{ \n            remote:   <remote>, \n            device:   <device>,\n            property: <property>,\n            value:    <value>\n        }}\n````\nrules:\n````\nif remote = NULL (or missed) => local instance.\nif device = NULL (or missed) and remote valid => GET remote device list\n   elseif property = NULL (or missed)  => GET device SCHEMA\n      elseif value = NULL (or missed)  => GET property\n         else  => SET property\n````\n###References\nFor more info see [standard tuyaDAEMON command](https://github.com/msillano/tuyaDAEMON/wiki/tuyaDAEMON-as-event-processor#standard-tuyadaemon-command)\n\n\n\n\n\n",
        "category": "",
        "in": [
            {
                "x": 120,
                "y": 60,
                "wires": [
                    {
                        "id": "cb536e9b3a81862a"
                    }
                ]
            }
        ],
        "out": [
            {
                "x": 640,
                "y": 60,
                "wires": [
                    {
                        "id": "cf230930.f37938",
                        "port": 0
                    }
                ]
            }
        ],
        "env": [
            {
                "name": "remote",
                "type": "str",
                "value": "NULL",
                "ui": {
                    "type": "input",
                    "opts": {
                        "types": [
                            "str"
                        ]
                    }
                }
            },
            {
                "name": "device",
                "type": "str",
                "value": "core",
                "ui": {
                    "type": "input",
                    "opts": {
                        "types": [
                            "str",
                            "cred"
                        ]
                    }
                }
            },
            {
                "name": "property",
                "type": "str",
                "value": "version",
                "ui": {
                    "type": "input",
                    "opts": {
                        "types": [
                            "str"
                        ]
                    }
                }
            },
            {
                "name": "value",
                "type": "str",
                "value": "NULL",
                "ui": {
                    "type": "input",
                    "opts": {
                        "types": [
                            "str",
                            "num",
                            "bool",
                            "json"
                        ]
                    }
                }
            }
        ],
        "meta": {},
        "color": "#DDAA99",
        "inputLabels": [
            "trigger"
        ],
        "outputLabels": [
            "message"
        ]
    },
    {
        "id": "cf230930.f37938",
        "type": "function",
        "z": "f30e8140.1bed9",
        "name": "make msg",
        "func": "\n// builds the object\nvar res = {\n    payload: {\n        remote: flow.get(\"remote\"),\n        device: flow.get(\"device\"),\n        property: flow.get(\"property\"),\n        value: flow.get(\"value\")\n    }\n}\n\n// processes NULL cases    \nif ((!(res.payload.remote)) || (res.payload.remote == 'NULL'))\n    delete (res.payload.remote)\n\nif (res.payload.device == \"NULL\") {\n    delete (res.payload.device);\n    delete (res.payload.property);\n    delete (res.payload.value);\n}\n\nif (res.payload.property == \"NULL\") {\n    delete (res.payload.property);\n    delete (res.payload.value);\n}\n\nif (res.payload.value == \"NULL\")\n    delete (res.payload.value);\n\nreturn res;\n",
        "outputs": 1,
        "noerr": 0,
        "initialize": "",
        "finalize": "",
        "libs": [],
        "x": 430,
        "y": 60,
        "wires": [
            []
        ],
        "info": "Implements 'NULL' rules, format output."
    },
    {
        "id": "cb536e9b3a81862a",
        "type": "function",
        "z": "f30e8140.1bed9",
        "name": "late binding",
        "func": "\nfunction _upadateParam(_pname) {\n   var _xvalue = env.get(_pname);\n   if (_xvalue) {\n      let temp = _xvalue.toString().trim();\n      if (temp.startsWith('global.'))\n         _xvalue = global.get(temp.substring(7));\n      else if (temp.startsWith('flow.'))\n         _xvalue = flow.get(\"$parent.\" + temp.substring(5));\n      else if (temp.startsWith('msg.'))\n         _xvalue = msg[temp.substring(4)];\n      // extra eval           \n      else if (temp.startsWith('@'))\n         _xvalue = eval(temp.substring(1));\n   }\n\n   // optional: to set the parameter dynamically with a message property, same name\n   if ((msg.command) && (msg.command[_pname]))\n      _xvalue = msg.command[_pname];\n\n   // save actual value in the (sub)flow context           \n   flow.set(_pname, _xvalue);\n}\n\n// CUSTOMIZE HERE\n// get actual values\n_upadateParam(\"remote\");\n_upadateParam(\"device\");\n_upadateParam(\"property\");\n_upadateParam(\"value\");\n// done\nreturn msg;\n\n",
        "outputs": 1,
        "noerr": 0,
        "initialize": "",
        "finalize": "",
        "libs": [],
        "x": 250,
        "y": 60,
        "wires": [
            [
                "cf230930.f37938"
            ]
        ],
        "info": "See [Subflows and configuration: late and runtime parameters binding](https://discourse.nodered.org/t/subflows-and-configuration-late-and-runtime-parameters-binding/60042)\n\nModified:\n- added evalued binding: @&lt;expression>  => eval(&lt;expression>). e.g. `@Date.now()` \n- runtime override: uses `msg.command.xxx`"
    },
    {
        "id": "5a6268e5f2adb066",
        "type": "tab",
        "label": "core_OPENAPI",
        "disabled": false,
        "info": "The core_OPENAPI device:\r\n - automatically gets and refreshes the token, a\r\n - exposes one property \r\n - exposes two new pseudoDP, usable on any real/virtual tuyaDEAMON device (not on custom (fake) devices, not handled by Tuya Cloud).\r\n\r\n**_callAPI** DP: Allows calls to any API, so the input data must be complete.\r\n\r\nInput:\r\n    - method (string), one of GET, PUT, POST, DELETE\r\n    - APIurl (URI) complete (like \"/v2.0/cloud/scene/rule?space_id=123456789\")\r\n    . body (JSON) with required parameters (like {\"properties\":{\"switch_1\":false}} )\r\n    \r\nOutput:\r\n    - A msg for global.tuyastatus.openapi logging, having as value the result from OpenAPI (a JSON structure),\r\n    - or an error message.\r\n    \r\n````\r\nCalling msg Example:\r\n{\r\n    \"device\": \"_tuyapi\",\r\n    \"property\": \"_callAPI\",\r\n    \"value\": {\r\n        \"method\": \"POST\",\r\n        \"APIurl\": \"/v2.0/cloud/thing/your-device-id/shadow/properties/issue\",\r\n        \"body\": {\r\n            \"properties\": {\r\n                \"switch_1\": false\r\n            }\r\n        }\r\n    }\r\n}\r\n````  \r\n\r\n**APIstatus** pseudoDP: uses the Tuya API 'query_properties', is a replacement for \"GET schema\". Using this API has the advantage that the API result includes also the DPs.\r\n\r\nInput: none\r\n\r\nOutput:\r\n    - A msg for global.tuyastatus.openapi logging, having as value the API result (JSON),\r\n    - A msg for global.tuyastatus.&lt;device> logging, having the read DP:values,\r\n    note: if required the DP's values are decoded by the standard CORE DP logging process.\r\nor an error msg.\r\n````\r\nCalling msg Example:\r\n   {\r\n   device: \"tuya_bridge\"\r\n   property: \"_APIstatus\r\n   }\r\n````\r\n\r\n**APIinstruction** pseudoDP: uses the Tuya API 'send_properties', is a replacement for \"MULTIPLE SET\".\r\n\r\nInput:\r\n    - An object with couples (code:value) required by OpenAPI.\r\n    note: the value must be coded, if required by the DP definition (see device datasheet).\r\n\r\nOutput:\r\n    - A msg for global.tuyastatus.openapi logging, having as value the result from API.\r\n    - or an error msg.\r\n````\r\nCalling msg Example:\r\n   {\r\n    device: \"tuya_bridge\"\r\n    property: \"_APIinstruction\"\r\n    value: {\r\n        properties:{\r\n            switch_1: true   \r\n    }}}\r\n````\r\nnote: `switch_1` is the Tuya `code` for the required `DP` (1).\r\nnote: handles multiple pair 'code':'value'\r\n\r\nnote: Tha access via `openAPI` is low level, without the filter action of tuyaDEAMON and withot the encode function: if required 'value'  MUST be encodeded.\r\n    \r\n### global.alldevice update\r\n\r\n- The only change is to make the device id mandatory also for subdevices controlled by a hub (in global.alldevice/virtual, now optional). This is necessary to be able to use the new psudoDP. The device id can be provided by 'tuya_cli wizard' or SmartLife APP.\r\n- This change is without consequences because the 'virtual' test is always done looking at the presence of the CID, and, in the TuyaDAEMON's command messages, we can use any of user_name | CID | ID as an index for the device.\r\n\r\n-------------------------------------------------\r\n#### Installation\r\n\r\n1) import in node.red the flow \"core_OPENAPI\"\r\n2) connect all external links:\r\n    - from core.to fake devices\r\n    - from core.APIstatus\r\n    - from core.APIinstruction\r\n    - to core.logging\r\n    - For TEST also 3x to core.std_cmds\r\n3) Add to global.alldevices (in CORE_devices flow), in 'fake', the OPENAPI definition:\r\n````\r\n      {\r\n            \"id\": \"_openapi\",\r\n            \"name\": \"openapi\",\r\n            \"dps\": [\r\n                {\r\n                    \"dp\": \"_callAPI\"\r\n                },\r\n                {\r\n                    \"dp\": \"_APIstautus\",\r\n                   \"capability\": \"SKIP\"\r\n                 },\r\n                {\r\n                    \"dp\": \"_APIinstruction\",\r\n                     \"capability\": \"SKIP\"\r\n                }\r\n            ]\r\n        },\r\n````\r\n\r\nnote: _APIstautus, _APIinstruction are pseudoDP, but are also defined as DPs, to allow logging process.\r\n\r\n4) SET in `core_OPENAPI.Global OPENAPI config` node your credentials.\r\n5) SET in `core_OPENAPI.Sign signStr with secret` the Tuya secretKey (x3)\r\n6) Requires the CORE Version 2.2.3.",
        "env": []
    },
    {
        "id": "7eb2c5af92ea7215",
        "type": "group",
        "z": "5a6268e5f2adb066",
        "style": {
            "stroke": "#999999",
            "stroke-opacity": "1",
            "fill": "none",
            "fill-opacity": "1",
            "label": true,
            "label-position": "nw",
            "color": "#a4a4a4"
        },
        "nodes": [
            "9ae4e5835f6dfee0",
            "1b8a82e1b56fe898",
            "6ca707050060c16c",
            "32124bb20f42ac35",
            "1719804f4bbe6866",
            "ae97de41221353a8",
            "615b56445bda0672",
            "5d31618bce2b762a",
            "f051161adb89e6ae",
            "16823112666d731d",
            "47f9b8354ea4cf89",
            "0a19f3a821855402",
            "6279fe5bebf00eed",
            "132415f927063d82"
        ],
        "x": 94,
        "y": 339,
        "w": 1592,
        "h": 222
    },
    {
        "id": "cc096dc3b047a107",
        "type": "group",
        "z": "5a6268e5f2adb066",
        "style": {
            "stroke": "#999999",
            "stroke-opacity": "1",
            "fill": "none",
            "fill-opacity": "1",
            "label": true,
            "label-position": "nw",
            "color": "#a4a4a4"
        },
        "nodes": [
            "a50205dd5806e272",
            "faa739379d35c245",
            "3994c5116e6f0d4a",
            "482e9b5bb6a87ff7",
            "37987923e2bd423a",
            "6d43803e67043a31",
            "7d2645f1dc81d318",
            "c670e25980084605",
            "d03c7d0ff9a5e41e",
            "83d33a3f68b174af"
        ],
        "x": 354,
        "y": 599,
        "w": 1172,
        "h": 202
    },
    {
        "id": "3711df0d0bb880cd",
        "type": "comment",
        "z": "5a6268e5f2adb066",
        "name": "CORE OPENAPI  extension 2.2.4",
        "info": "\n",
        "x": 380,
        "y": 140,
        "wires": []
    },
    {
        "id": "193873e8e8046482",
        "type": "config",
        "z": "5a6268e5f2adb066",
        "name": "Global OPENAPI config",
        "properties": [
            {
                "p": "data_center",
                "pt": "flow",
                "to": "https://openapi.tuyaeu.com",
                "tot": "str"
            },
            {
                "p": "client_id",
                "pt": "flow",
                "to": "1234567.your",
                "tot": "str"
            },
            {
                "p": "secretkey",
                "pt": "flow",
                "to": "1234567.your",
                "tot": "str"
            }
        ],
        "active": true,
        "x": 250,
        "y": 260,
        "wires": [],
        "info": "## OPENAPI Configuration\n\n \n \n#### Configuration:\n \n _data_center_  ('https://openapi.tuyaeu.com')\n        The URL of Cloud, see [here](https://github.com/tuya/tuya-home-assistant/blob/main/docs/regions_dataCenters.md)\n        \n _client_id_ ('123456789xy')\n       From Tuya\n\n _secretkey_ ('xy1234567879')\n       From Tuya\n\n\n#### Installation\n\n1) import in node.red the flow \"core_OPENAPI\"\n2) connect all external links:\n    - from core.to fake devices\n    - from core.APIstatus\n    - from core.APIinstruction\n    - to core.logging\n    - For TEST also 3x to core.std_cmds\n3) Add to global.alldevices (in CORE_devices flow), in 'fake', the OPENAPI definition:\n````\n      {\n            \"id\": \"_openapi\",\n            \"name\": \"openapi\",\n            \"dps\": [\n                {\n                    \"dp\": \"_callAPI\"\n                },\n                {\n                    \"dp\": \"_APIstautus\",\n                   \"capability\": \"SKIP\"\n                 },\n                {\n                    \"dp\": \"_APIinstruction\",\n                     \"capability\": \"SKIP\"\n                }\n            ]\n        },\n````\n\nnote: _APIstautus, _APIinstruction are pseudoDP, but are also defined as DPs, to allow logging process.\n\n4) SET in `core_OPENAPI.Global OPENAPI config` node your credentials.\n5) SET in `core_OPENAPI.Sign signStr with secret` the Tuya secretKey (x3) ( bug on HMAC node: it don't works dynamic ?)\n)\n6) Requires the CORE Version 2.2.3.\n"
    },
    {
        "id": "9ae4e5835f6dfee0",
        "type": "inject",
        "z": "5a6268e5f2adb066",
        "g": "7eb2c5af92ea7215",
        "name": "statup only",
        "props": [
            {
                "p": "payload"
            }
        ],
        "repeat": "",
        "crontab": "",
        "once": true,
        "onceDelay": "0.4",
        "topic": "",
        "payload": "",
        "payloadType": "date",
        "x": 210,
        "y": 380,
        "wires": [
            [
                "1b8a82e1b56fe898"
            ]
        ],
        "icon": "node-red/trigger.svg"
    },
    {
        "id": "1b8a82e1b56fe898",
        "type": "function",
        "z": "5a6268e5f2adb066",
        "g": "7eb2c5af92ea7215",
        "name": "trigger flow startup",
        "func": "// Run as soon as possible after all 'On Start' and 'Global Config'.\n// note: the run order of all 'Global config' and all 'On Start' is undefined.\n// So, if some 'On Start' function  requires 'Global Config' data, palace it there.\n// --------------------------------------------------- standard\nconst asDEVICE = \"openapi\";     // singleton in alldevices\nconst asMODULE = \"modules.core_openapi\";\nconst VERSION  = \"2.2.1\";\n// --------------------------------------------------- standard\nif (!global.get(\"coresetup\")){\n    node.warn(\"STARTUP ERROR: adjust this startup delay.\");\n    return([null]);\n}\n// --------------------- init startup for the flow.\nglobal.set(asMODULE,VERSION);  // update modules\n// access stuff\nlet oDev = context.global.alldevices.getODev(asDEVICE, \"fake\");\nif (oDev === undefined){\n   node.warn(\"[startup] ERROR: not found the device '\"+asDEVICE+\"' in global.alldevices.\");\n   return;\n}\nvar pmDevName = context.global.alldevices.getDevName(oDev);\n// ---------------- inizializes global tuyastatus\nlet tstatus = \"tuyastatus['\"+ pmDevName+\"']\";\n// init using only _connected (not in alldevices), so does cleanup\nglobal.set(tstatus, {_connected: true});\n// init all GETable dps with default value\noDev.dps.forEach(adp => {\n    if (['RW','WW','GW','RO','UNK','PUSH', undefined].includes(adp.capability)){\n        let dpname = \"['\" + (adp.name ? adp.name:adp.dp)+\"']\";\n        switch (adp.dp){     // some special init:   \n          default:\n             global.set(tstatus+dpname, \"none\");\n        }\n    }\n });\n// --------------------------------------------- standard processing ends\n// more flow init required now (and not in 'On Start') by some properties \n\n\nreturn msg;",
        "outputs": 1,
        "noerr": 0,
        "initialize": "// nothing to do\n",
        "finalize": "\nglobal.set(\"modules.core_trigger\", undefined);\n",
        "libs": [],
        "x": 420,
        "y": 380,
        "wires": [
            [
                "1719804f4bbe6866"
            ]
        ]
    },
    {
        "id": "6ca707050060c16c",
        "type": "function",
        "z": "5a6268e5f2adb066",
        "g": "7eb2c5af92ea7215",
        "name": "",
        "func": "\nvar t = msg.time;\nvar sign = msg.payload;\nvar client_id  = flow.get(\"client_id\");\nvar url  = flow.get(\"data_center\");\n\n//\nmsg.method = flow.get(\"method\");\nmsg.headers ={\n \"sign_method\": \"HMAC-SHA256\",\n \"client_id\" : client_id,\n \"t\": t.toString(),\n \"sign\": sign.toUpperCase(),\n },\n msg.payload = '';\n msg.url = url + flow.get(\"sign_url\");\nreturn msg;",
        "outputs": 1,
        "noerr": 0,
        "initialize": "",
        "finalize": "",
        "libs": [],
        "x": 840,
        "y": 460,
        "wires": [
            [
                "32124bb20f42ac35"
            ]
        ]
    },
    {
        "id": "32124bb20f42ac35",
        "type": "http request",
        "z": "5a6268e5f2adb066",
        "g": "7eb2c5af92ea7215",
        "name": "",
        "method": "use",
        "ret": "obj",
        "paytoqs": "ignore",
        "url": "",
        "tls": "",
        "persist": false,
        "proxy": "",
        "authType": "",
        "x": 1050,
        "y": 460,
        "wires": [
            [
                "ae97de41221353a8"
            ]
        ]
    },
    {
        "id": "1719804f4bbe6866",
        "type": "function",
        "z": "5a6268e5f2adb066",
        "g": "7eb2c5af92ea7215",
        "name": "Create signStr",
        "func": "var method = \"GET\";\nflow.set(\"method\", method);     // tmp storage\n\nvar sign_url = \"/v1.0/token?grant_type=1\";\nflow.set(\"sign_url\", sign_url);     // tmp storage\n\nvar t = Date.now();\nvar client_id  = flow.get(\"client_id\");\n// Couldn't get nodered to process an empty string so this is a hash of an empty file\nvar content_hash = \"e3b0c44298fc1c149afbf4c8996fb92427ae41e4649b934ca495991b7852b855\";\nvar string_to_sign = method+\"\\n\"+content_hash+\"\\n\"+\"\"+\"\\n\"+sign_url;\nvar signStr = client_id+t+string_to_sign;\n\nmsg.payload = signStr;\n// bug on HMAC node: don't work dynamic ?\n// msg.secretkey  = flow.secretkey;\nmsg.time = t;\n\nreturn msg;",
        "outputs": 1,
        "noerr": 0,
        "initialize": "",
        "finalize": "",
        "libs": [],
        "x": 400,
        "y": 460,
        "wires": [
            [
                "615b56445bda0672"
            ]
        ]
    },
    {
        "id": "ae97de41221353a8",
        "type": "function",
        "z": "5a6268e5f2adb066",
        "g": "7eb2c5af92ea7215",
        "name": "Extract Token from Response",
        "func": "var data = msg.payload;\n\nif (data.success) {\n   var creds ={\n     \"access_token\"  : data.result.access_token,\n     \"refresh_token\" :  data.result.refresh_token\n     }\n   flow.set(\"tuya\", creds);\n   msg.payload =\"core_OPENAPI token OK.\"\n   return msg;\n}\nnode.warn([\"OpenAPI ERROR: \"+data.msg, msg]);\nreturn null;",
        "outputs": 1,
        "noerr": 0,
        "initialize": "",
        "finalize": "",
        "libs": [],
        "x": 1280,
        "y": 460,
        "wires": [
            [
                "5d31618bce2b762a"
            ]
        ]
    },
    {
        "id": "615b56445bda0672",
        "type": "hmac",
        "z": "5a6268e5f2adb066",
        "g": "7eb2c5af92ea7215",
        "name": "Sign signStr with secret",
        "algorithm": "HmacSHA256",
        "key": "123456.your",
        "x": 630,
        "y": 460,
        "wires": [
            [
                "6ca707050060c16c"
            ]
        ]
    },
    {
        "id": "5d31618bce2b762a",
        "type": "debug",
        "z": "5a6268e5f2adb066",
        "g": "7eb2c5af92ea7215",
        "name": "debug 25",
        "active": true,
        "tosidebar": true,
        "console": false,
        "tostatus": false,
        "complete": "payload",
        "targetType": "msg",
        "statusVal": "",
        "statusType": "auto",
        "x": 1580,
        "y": 500,
        "wires": []
    },
    {
        "id": "f051161adb89e6ae",
        "type": "inject",
        "z": "5a6268e5f2adb066",
        "g": "7eb2c5af92ea7215",
        "name": "auto refresh",
        "props": [
            {
                "p": "payload"
            },
            {
                "p": "topic",
                "vt": "str"
            }
        ],
        "repeat": "5400",
        "crontab": "",
        "once": false,
        "onceDelay": 0.1,
        "topic": "",
        "payload": "",
        "payloadType": "date",
        "x": 210,
        "y": 520,
        "wires": [
            [
                "0a19f3a821855402"
            ]
        ]
    },
    {
        "id": "16823112666d731d",
        "type": "function",
        "z": "5a6268e5f2adb066",
        "g": "7eb2c5af92ea7215",
        "name": "",
        "func": "var t = msg.time;\nvar sign = msg.payload;\nvar client_id  = flow.get(\"client_id\");\nvar url  = flow.get(\"data_center\");\n\n//\nmsg.method = flow.get(\"method\");\nmsg.headers ={\n \"sign_method\": \"HMAC-SHA256\",\n \"client_id\" : client_id,\n \"t\": t.toString(),\n \"sign\": sign.toUpperCase(),\n },\n msg.payload = '';\n msg.url = url + flow.get(\"sign_url\");\nreturn msg;",
        "outputs": 1,
        "noerr": 0,
        "initialize": "",
        "finalize": "",
        "libs": [],
        "x": 840,
        "y": 520,
        "wires": [
            [
                "47f9b8354ea4cf89"
            ]
        ]
    },
    {
        "id": "47f9b8354ea4cf89",
        "type": "http request",
        "z": "5a6268e5f2adb066",
        "g": "7eb2c5af92ea7215",
        "name": "",
        "method": "use",
        "ret": "obj",
        "paytoqs": "ignore",
        "url": "",
        "tls": "",
        "persist": false,
        "proxy": "",
        "authType": "",
        "x": 1050,
        "y": 520,
        "wires": [
            [
                "6279fe5bebf00eed"
            ]
        ]
    },
    {
        "id": "0a19f3a821855402",
        "type": "function",
        "z": "5a6268e5f2adb066",
        "g": "7eb2c5af92ea7215",
        "name": "Create signStr",
        "func": "var creds = flow.get(\"tuya\");\nvar refresh_token = creds.refresh_token;\n\nvar method = \"GET\";\nflow.set(\"method\", method);     // tmp storage\nvar sign_url = \"/v1.0/token/\"+refresh_token;\nflow.set(\"sign_url\", sign_url);     // tmp storage\n\nvar t = msg.payload;\nvar client_id  = flow.get(\"client_id\");\n// Couldn't get nodered to process an empty string so this is a hash of an empty file\nvar content_hash = \"e3b0c44298fc1c149afbf4c8996fb92427ae41e4649b934ca495991b7852b855\";\nvar string_to_sign = method+\"\\n\"+content_hash+\"\\n\"+\"\"+\"\\n\"+sign_url;\nvar signStr = client_id+t+string_to_sign;\n\n// bug on HMAC node: don't work dynamic ?\n// msg.secretkey  = flow.secretkey;\nmsg.payload = signStr;\nmsg.time = t;\n\nreturn msg;",
        "outputs": 1,
        "noerr": 0,
        "initialize": "",
        "finalize": "",
        "libs": [],
        "x": 400,
        "y": 520,
        "wires": [
            [
                "132415f927063d82"
            ]
        ]
    },
    {
        "id": "6279fe5bebf00eed",
        "type": "function",
        "z": "5a6268e5f2adb066",
        "g": "7eb2c5af92ea7215",
        "name": "Extract Token from Response",
        "func": "var data = msg.payload;\nvar access = data.result.access_token;\nvar refresh = data.result.refresh_token;\n\nif (msg.payload.success) { \n  var creds ={\n    \"access_token\" : access,\n    \"refresh_token\" : refresh\n    }\n  flow.set(\"tuya\", creds);\n//\n  msg.payload =\"core_OPENAPI token refresh OK.\"\n}\nreturn msg;",
        "outputs": 1,
        "noerr": 0,
        "initialize": "",
        "finalize": "",
        "libs": [],
        "x": 1280,
        "y": 520,
        "wires": [
            [
                "5d31618bce2b762a"
            ]
        ]
    },
    {
        "id": "132415f927063d82",
        "type": "hmac",
        "z": "5a6268e5f2adb066",
        "g": "7eb2c5af92ea7215",
        "name": "Sign signStr with secret",
        "algorithm": "HmacSHA256",
        "key": "123456.your",
        "x": 630,
        "y": 520,
        "wires": [
            [
                "16823112666d731d"
            ]
        ]
    },
    {
        "id": "2f935c2eedbe5627",
        "type": "inject",
        "z": "5a6268e5f2adb066",
        "name": "SET ON",
        "props": [
            {
                "p": "payload"
            }
        ],
        "repeat": "",
        "crontab": "",
        "once": false,
        "onceDelay": 0.1,
        "topic": "",
        "payload": "{\"device\":\"_openapi\",\"property\":\"_callAPI\",\"value\":{\"method\":\"POST\",\"APIurl\":\"/v2.0/cloud/thing/your-device-id/shadow/properties/issue\",\"body\":{\"properties\":{\"switch_1\":true}}}}",
        "payloadType": "json",
        "x": 120,
        "y": 1140,
        "wires": [
            [
                "a05a4aace2cc3c53"
            ]
        ]
    },
    {
        "id": "a50205dd5806e272",
        "type": "function",
        "z": "5a6268e5f2adb066",
        "g": "cc096dc3b047a107",
        "name": "",
        "func": "var creds = flow.get(\"tuya\");\nvar access_token = creds.access_token;\n//\nvar client_id  = flow.get(\"client_id\");\nvar sign = msg.payload;\nvar t = msg.data.time;\n//\nvar method =  msg.data.method;\nvar url  = flow.get(\"data_center\");\nvar APIurl = msg.data.APIurl;\n//\nmsg.headers ={\n \"mode\" : \"cors\",\n \"Content-Type\": \"application/json\",\n \"sign_method\": \"HMAC-SHA256\",\n \"access_token\" : access_token,\n \"client_id\" : client_id,\n \"sign\": sign.toUpperCase(),\n \"t\": t.toString(),\n },\n msg.payload = (msg.data.body == \"\")? \"\":JSON.stringify( msg.data.body);\n msg.url = url + APIurl;\n msg.method = method;\n return msg;",
        "outputs": 1,
        "noerr": 0,
        "initialize": "",
        "finalize": "",
        "libs": [],
        "x": 1240,
        "y": 640,
        "wires": [
            [
                "faa739379d35c245"
            ]
        ]
    },
    {
        "id": "faa739379d35c245",
        "type": "http request",
        "z": "5a6268e5f2adb066",
        "g": "cc096dc3b047a107",
        "name": "",
        "method": "use",
        "ret": "obj",
        "paytoqs": "ignore",
        "url": "",
        "tls": "",
        "persist": false,
        "proxy": "",
        "authType": "",
        "x": 1410,
        "y": 640,
        "wires": [
            [
                "7d2645f1dc81d318"
            ]
        ]
    },
    {
        "id": "3994c5116e6f0d4a",
        "type": "function",
        "z": "5a6268e5f2adb066",
        "g": "cc096dc3b047a107",
        "name": "Create signStr",
        "func": "var creds = flow.get(\"tuya\");\nvar access_token = creds.access_token;\n//\nvar client_id  = flow.get(\"client_id\");\nvar method =  msg.data.method;\nvar sign_url = msg.data.APIurl;\nvar content_hash = msg.payload;\nvar t = msg.data.time;\nif (msg.data.origin)\n    flow.set(\"origin\", msg.data.origin);\n//\nvar string_to_sign = method+\"\\n\"+content_hash+\"\\n\"+\"\"+\"\\n\"+sign_url;\nvar signStr = client_id+access_token+t+string_to_sign;\n\n// bug on HMAC node: don't work dynamic ?\n// msg.secretkey  = flow.secretkey;\nmsg.payload = signStr;\n\nreturn msg;",
        "outputs": 1,
        "noerr": 0,
        "initialize": "",
        "finalize": "",
        "libs": [],
        "x": 800,
        "y": 640,
        "wires": [
            [
                "482e9b5bb6a87ff7"
            ]
        ]
    },
    {
        "id": "482e9b5bb6a87ff7",
        "type": "hmac",
        "z": "5a6268e5f2adb066",
        "g": "cc096dc3b047a107",
        "name": "Sign signStr with secret",
        "algorithm": "HmacSHA256",
        "key": "123456.your",
        "x": 1030,
        "y": 640,
        "wires": [
            [
                "a50205dd5806e272"
            ]
        ]
    },
    {
        "id": "37987923e2bd423a",
        "type": "digest",
        "z": "5a6268e5f2adb066",
        "g": "cc096dc3b047a107",
        "name": "Hash the body data",
        "algorithm": "SHA256",
        "x": 970,
        "y": 760,
        "wires": [
            [
                "3994c5116e6f0d4a"
            ]
        ]
    },
    {
        "id": "6d43803e67043a31",
        "type": "function",
        "z": "5a6268e5f2adb066",
        "g": "cc096dc3b047a107",
        "name": "body selector",
        "func": "msg.data = msg.payload.value;\nmsg.data.time =  Date.now();\n\nif ((msg.data.body === undefined) || (msg.data.body == \"\")){\n  msg.data.body = \"\" ;\n  msg.payload = \"e3b0c44298fc1c149afbf4c8996fb92427ae41e4649b934ca495991b7852b855\"; // hash for \"\"\n  return [msg,null];  \n}\n// with body\n  msg.payload = JSON.stringify(msg.data.body); \n  return [null, msg];  \n",
        "outputs": 2,
        "noerr": 0,
        "initialize": "",
        "finalize": "",
        "libs": [],
        "x": 710,
        "y": 760,
        "wires": [
            [
                "3994c5116e6f0d4a"
            ],
            [
                "37987923e2bd423a"
            ]
        ]
    },
    {
        "id": "91fdac15e4dda0da",
        "type": "inject",
        "z": "5a6268e5f2adb066",
        "name": "API INFO",
        "props": [
            {
                "p": "payload"
            }
        ],
        "repeat": "",
        "crontab": "",
        "once": false,
        "onceDelay": 0.1,
        "topic": "",
        "payload": "{\"device\":\"_openapi\",\"property\":\"_callAPI\",\"value\":{\"method\":\"GET\",\"APIurl\":\"/v2.0/cloud/thing/your-device-id\",\"body\":\"\"}}",
        "payloadType": "json",
        "x": 120,
        "y": 1260,
        "wires": [
            [
                "a05a4aace2cc3c53"
            ]
        ]
    },
    {
        "id": "64bfb42c20a101d0",
        "type": "link out",
        "z": "5a6268e5f2adb066",
        "name": "to core.logging",
        "mode": "link",
        "links": [
            "6c6aa7eeeadfcbcc"
        ],
        "x": 1640,
        "y": 740,
        "wires": [],
        "l": true
    },
    {
        "id": "7d2645f1dc81d318",
        "type": "function",
        "z": "5a6268e5f2adb066",
        "g": "cc096dc3b047a107",
        "name": "success",
        "func": "\nfunction getSTDstatus(amsg){\n    var deviceID = amsg.data.deviceID;\n    var newMsg = {\n        \"payload\": {\n            \"deviceId\":  deviceID,\n            \"data\":{\n               \"dps\" :{}\n            }\n        }\n    };\n    amsg.payload.result.properties.forEach((element) => {\n        newMsg.payload.data.dps[element.dp_id] = element.value; });\n    return(newMsg);\n}\n\nfunction getFull(amsg){\n    var newMsg = {\n        \"payload\": {\n            \"deviceId\": \"_openapi\",\n            \"data\":{\n               \"dps\" :{\n                   [amsg.data.origin]:amsg\n               }\n            }\n        }\n    };\n    return(newMsg);\n}\n\n// Output for core.logging\n\nif (msg.payload.success){\n     switch(msg.data.origin){\n        case \"_callAPI\":\n              return ( getFull(msg)); // echo RX openAPI/callAPI\n        case \"_APIstatus\":\n              node.send( getFull(msg));  // echo RX openAPI/callAPI (optional)\n              return( getSTDstatus(msg));  // echo RX device/STATUS\n        case \"_APIinstruction\":\n              return (getFull(msg));     // echo RX openAPI/callAPI (optional)\n //             return(null);\n     }\n   }\nnode.warn([\"OpenAPI ERROR: \"+msg.payload.msg, msg]);\nreturn null;",
        "outputs": 1,
        "noerr": 0,
        "initialize": "",
        "finalize": "",
        "libs": [],
        "x": 1440,
        "y": 740,
        "wires": [
            [
                "64bfb42c20a101d0"
            ]
        ]
    },
    {
        "id": "a05a4aace2cc3c53",
        "type": "link out",
        "z": "5a6268e5f2adb066",
        "name": "to core.std_cmds",
        "mode": "link",
        "links": [
            "3c5b3f3fdf018e85"
        ],
        "x": 450,
        "y": 1140,
        "wires": [],
        "l": true
    },
    {
        "id": "6be17d9b866f9579",
        "type": "link in",
        "z": "5a6268e5f2adb066",
        "name": "frm core.APIstatus",
        "links": [
            "13b13deeaed43d89"
        ],
        "x": 190,
        "y": 700,
        "wires": [
            [
                "c670e25980084605"
            ]
        ],
        "l": true
    },
    {
        "id": "9a8b9f05fcc159dd",
        "type": "link in",
        "z": "5a6268e5f2adb066",
        "name": "from core.APIinstruction",
        "links": [
            "2d58cfa3374671c3"
        ],
        "x": 200,
        "y": 760,
        "wires": [
            [
                "83d33a3f68b174af"
            ]
        ],
        "l": true
    },
    {
        "id": "c670e25980084605",
        "type": "function",
        "z": "5a6268e5f2adb066",
        "g": "cc096dc3b047a107",
        "name": "callAPI setup",
        "func": "var newMsg = {\"payload\":  {\n        \"device\": \"_openapi\",\n        \"property\": \"_callAPI\",\n        \"value\": {\n           \"method\": \"GET\",\n           \"APIurl\":  \"/v2.0/cloud/thing/\"+msg.to+\"/shadow/properties\",\n           \"body\":\"\",\n           \"origin\": \"_APIstatus\",\n           \"deviceID\": msg.to\n          }\n    }\n}\n\n\nreturn newMsg;",
        "outputs": 1,
        "noerr": 0,
        "initialize": "",
        "finalize": "",
        "libs": [],
        "x": 510,
        "y": 700,
        "wires": [
            [
                "6d43803e67043a31"
            ]
        ]
    },
    {
        "id": "b3d5efbe36c3d12d",
        "type": "subflow:f30e8140.1bed9",
        "z": "5a6268e5f2adb066",
        "name": "",
        "env": [
            {
                "name": "device",
                "value": "tuya_bridge",
                "type": "str"
            },
            {
                "name": "property",
                "value": "_APIstatus",
                "type": "str"
            }
        ],
        "x": 230,
        "y": 1380,
        "wires": [
            [
                "bc308c44c10aae39"
            ]
        ]
    },
    {
        "id": "14404d74f0f3787b",
        "type": "inject",
        "z": "5a6268e5f2adb066",
        "name": "",
        "props": [
            {
                "p": "payload"
            },
            {
                "p": "topic",
                "vt": "str"
            }
        ],
        "repeat": "",
        "crontab": "",
        "once": false,
        "onceDelay": 0.1,
        "topic": "",
        "payload": "",
        "payloadType": "date",
        "x": 85,
        "y": 1380,
        "wires": [
            [
                "b3d5efbe36c3d12d"
            ]
        ],
        "l": false
    },
    {
        "id": "bc308c44c10aae39",
        "type": "link out",
        "z": "5a6268e5f2adb066",
        "name": "to core.std_cmds",
        "mode": "link",
        "links": [
            "3c5b3f3fdf018e85"
        ],
        "x": 450,
        "y": 1380,
        "wires": [],
        "l": true
    },
    {
        "id": "5a78ae20b25faa5d",
        "type": "link in",
        "z": "5a6268e5f2adb066",
        "name": "from core.to fake devices",
        "links": [
            "22239fa409a62d51"
        ],
        "x": 210,
        "y": 640,
        "wires": [
            [
                "d03c7d0ff9a5e41e"
            ]
        ],
        "icon": "node-red/arrow-in.svg",
        "l": true
    },
    {
        "id": "d03c7d0ff9a5e41e",
        "type": "function",
        "z": "5a6268e5f2adb066",
        "g": "cc096dc3b047a107",
        "name": " _openapi cmd selector",
        "func": "// Implementation of GET/SET/SCHEMA  commands \n// for the 'fake' device \"core_OPENAPI\"\n// \nconst DEVIDAPI = \"_openapi\";\n// fast exit: not _openapi: handled be other module\nif (msg.to !== DEVIDAPI) return([null]);\n\n switch (msg.infodp){\n// only ONE msg property   \n      case \"_callAPI\":\n           msg.payload.value.origin =\"_callAPI\"; \n           return[msg];\n}\nreturn([null]);\n",
        "outputs": 1,
        "noerr": 0,
        "initialize": "",
        "finalize": "",
        "libs": [],
        "x": 480,
        "y": 640,
        "wires": [
            [
                "6d43803e67043a31"
            ]
        ],
        "outputLabels": [
            "proxy"
        ],
        "info": "Fake device rules:\n\nGET: returns last value, in some cases from `tuyastatus.device.property`\n    do not use it as TRIGGER: GET is without side effect, can be repeated.\n    \nSET: set a value, returns the same value setted.\n\nSET as TRIGGER: the value CAN be discarted ('any').\n   Returns always immediatly a value, data or only info like \"done\", \"sent\", \"WARNING...\", ...\n   Can PUSH more results later.\n \nSCHEMA: returns values for all readable DPs (like GET) "
    },
    {
        "id": "d2b162a6ceb294b9",
        "type": "inject",
        "z": "5a6268e5f2adb066",
        "name": "SET OFF",
        "props": [
            {
                "p": "payload"
            }
        ],
        "repeat": "",
        "crontab": "",
        "once": false,
        "onceDelay": 0.1,
        "topic": "",
        "payload": "{\"device\":\"_openapi\",\"property\":\"_callAPI\",\"value\":{\"method\":\"POST\",\"APIurl\":\"/v2.0/cloud/thing/your-device-id/properties/issue\",\"body\":{\"properties\":{\"switch_1\":false}}}}",
        "payloadType": "json",
        "x": 120,
        "y": 1200,
        "wires": [
            [
                "a05a4aace2cc3c53"
            ]
        ]
    },
    {
        "id": "83d33a3f68b174af",
        "type": "function",
        "z": "5a6268e5f2adb066",
        "g": "cc096dc3b047a107",
        "name": "callAPI setup",
        "func": "var newMsg = {\"payload\":  {\n        \"device\": \"_openapi\",\n        \"property\": \"_callAPI\",\n        \"value\": {\n           \"method\": \"POST\",\n           \"APIurl\":  \"/v2.0/cloud/thing/\"+msg.to+\"/shadow/properties/issue\",\n           \"body\": msg.payload.set,\n           \"origin\": \"_APIinstruction\"\n          }\n    }\n}\n\nreturn newMsg;",
        "outputs": 1,
        "noerr": 0,
        "initialize": "",
        "finalize": "",
        "libs": [],
        "x": 510,
        "y": 760,
        "wires": [
            [
                "6d43803e67043a31"
            ]
        ]
    },
    {
        "id": "fa7bd897640d8401",
        "type": "subflow:f30e8140.1bed9",
        "z": "5a6268e5f2adb066",
        "name": "",
        "env": [
            {
                "name": "device",
                "value": "tuya_bridge",
                "type": "str"
            },
            {
                "name": "property",
                "value": "_APIinstruction",
                "type": "str"
            },
            {
                "name": "value",
                "value": "{\"properties\":{\"switch_1\":true}}",
                "type": "json"
            }
        ],
        "x": 230,
        "y": 1520,
        "wires": [
            [
                "7290cf69f1131936"
            ]
        ]
    },
    {
        "id": "379da9889501e716",
        "type": "inject",
        "z": "5a6268e5f2adb066",
        "name": "",
        "props": [
            {
                "p": "payload"
            },
            {
                "p": "topic",
                "vt": "str"
            }
        ],
        "repeat": "",
        "crontab": "",
        "once": false,
        "onceDelay": 0.1,
        "topic": "",
        "payload": "",
        "payloadType": "date",
        "x": 85,
        "y": 1520,
        "wires": [
            [
                "fa7bd897640d8401"
            ]
        ],
        "l": false
    },
    {
        "id": "7290cf69f1131936",
        "type": "link out",
        "z": "5a6268e5f2adb066",
        "name": "to core.std_cmds",
        "mode": "link",
        "links": [
            "3c5b3f3fdf018e85"
        ],
        "x": 450,
        "y": 1520,
        "wires": [],
        "l": true
    },
    {
        "id": "c7b71da5b3505ba1",
        "type": "comment",
        "z": "5a6268e5f2adb066",
        "name": "TEST callAPI (device dependent)",
        "info": "",
        "x": 190,
        "y": 1080,
        "wires": []
    },
    {
        "id": "7a3d2e76a7203e0e",
        "type": "comment",
        "z": "5a6268e5f2adb066",
        "name": "TEST pseudoDP   APIstatus",
        "info": "",
        "x": 170,
        "y": 1320,
        "wires": []
    },
    {
        "id": "6c62ebbba896507a",
        "type": "comment",
        "z": "5a6268e5f2adb066",
        "name": "TEST paseudoDP  APIinstruction",
        "info": "",
        "x": 190,
        "y": 1460,
        "wires": []
    }
]